Accession, Protein, ProtScore, ProtLength, Peptide, PepScore, Charge, Scan, RetTime,m/z(Sequence), ExpMass
PYC_MOUSE, Pyruvate carboxylase  mitochondrial OS=Mus musculus GN=Pc PE=1 SV=1, 1973.3,     1178,LFLQGPK, 24.4,  2,   6735,    44.28,   802.48,  802.48123
 , , , ,LFLQGPK, 24.3,  2,   7975,    49.99,   802.48,  802.48130
 , , , ,LFLQGPK, 13.2,  2,   6926,    45.16,   802.48,  802.48145
 , , , ,LFLQGPK, 38.7,  2,   6433,    42.89,   802.48,  802.48151
 , , , ,LFLQGPK, 44.8,  2,   6589,    43.57,   802.48,  802.48155
 , , , ,LFLQGPK, 42.7,  2,   6251,    41.86,   802.48,  802.48157
 , , , ,LFLQGPK, 45.8,  2,   6370,    42.54,   802.48,  802.48158
 , , , ,LFLQGPK, 35.8,  2,   6508,    43.23,   802.48,  802.48168
 , , , ,LFLQGPK, 41.5,  2,   5985,    40.49,   802.48,  802.48169
 , , , ,LFLQGPK, 43.1,  2,   6116,    41.18,   802.48,  802.48171
 , , , ,LFLQGPK, 42.1,  2,   5905,    40.15,   802.48,  802.48177
 , , , ,LFLQGPK, 40.8,  2,   6054,    40.84,   802.48,  802.48183
 , , , ,LFLQGPK, 17.7,  2,   6846,    44.81,   802.48,  802.48185
 , , , ,LFLQGPK, 46.5,  2,   8051,    50.34,   802.48,  802.48187
 , , , ,LFLQGPK, 37.3,  2,   6180,    41.52,   802.48,  802.48188
 , , , ,LFLQGPK, 41.0,  2,   6309,    42.20,   802.48,  802.48199
 , , , ,LFLQGPK, 25.6,  2,   6661,    43.91,   802.48,  802.48220
 , , , ,LFLQGPK, 41.4,  2,   5821,    39.80,   802.48,  802.48232
 , , , ,LFLQGPK, 22.1,  2,   7017,    45.52,   802.48,  802.48275
 , , , ,LFLQGPK, 42.0,  2,   5728,    39.46,   802.48,  802.48300
 , , , ,LFLQGPK, 20.0,  2,   5644,    39.12,   802.48,  803.48737
 , , , ,VLKDLPR, 42.1,  2,   2305,    23.89,   840.53,  840.52988
 , , , ,VLKDLPR, 43.3,  2,   2390,    24.24,   840.53,  840.52990
 , , , ,VLKDLPR, 20.4,  2,   2468,    24.58,   840.53,  841.53396
 , , , ,VLKDLPR, 15.8,  2,   2696,    25.61,   840.53,  841.53487
 , , , ,VLKDLPR, 21.3,  2,   2541,    24.91,   840.53,  841.53513
 , , , ,VLKDLPR, 19.9,  2,   2615,    25.26,   840.53,  841.53667
 , , , ,EGPEGFAR, 31.6,  2,   3131,    27.75,   862.41,  863.41005
 , , , ,EGPEGFAR, 28.1,  2,   3055,    27.37,   862.41,  863.41024
 , , , ,EGPEGFAR, 32.4,  2,   2916,    26.69,   862.41,  863.41028
 , , , ,EGPEGFAR, 28.3,  2,   2985,    27.03,   862.41,  863.41033
 , , , ,SLPDLGLR, 36.5,  2,   9019,    54.38,   870.50,  870.50416
 , , , ,SLPDLGLR, 31.0,  2,   8914,    53.98,   870.50,  870.50417
 , , , ,SLPDLGLR, 26.4,  2,   8834,    53.65,   870.50,  870.50458
 , , , ,ACTELGIR, 28.4,  2,   3762,    31.01,   919.47,  920.47073
 , , , ,ACTELGIR, 32.3,  2,   3696,    30.66,   919.47,  920.47105
 , , , ,ACTELGIR, 21.6,  2,   3628,    30.32,   919.47,  920.47158
 , , , ,ALAVSDLNR, 52.5,  2,   5528,    38.59,   958.53,  958.53034
 , , , ,ALAVSDLNR, 37.5,  2,   5604,    38.93,   958.53,  958.53107
 , , , ,ALAVSDLNR, 47.2,  2,   5288,    37.57,   958.53,  958.53217
 , , , ,ALAVSDLNR, 48.2,  2,   5138,    36.89,   958.53,  958.53222
 , , , ,ALAVSDLNR, 18.4,  2,   5756,    39.56,   958.53,  958.53239
 , , , ,ALAVSDLNR, 19.6,  2,   5451,    38.25,   958.53,  959.53555
 , , , ,ALAVSDLNR, 43.0,  2,   5055,    36.55,   958.53,  959.53656
 , , , ,ALAVSDLNR, 38.0,  2,   5211,    37.23,   958.53,  959.53662
 , , , ,ALAVSDLNR, 32.4,  2,   5372,    37.91,   958.53,  959.53762
 , , , ,ALAVSDLNR, 41.0,  2,   4963,    36.20,   958.53,  959.53826
 , , , ,ALAEFRVR, 39.0,  2,   4763,    35.43,   961.56,  961.55832
 , , , ,ALAEFRVR, 23.4,  2,   4861,    35.77,   961.56,  961.55850
 , , , ,ALAEFRVR,  9.7,  2,   5680,    39.28,   961.56,  961.55862
 , , , ,ALAEFRVR, 14.0,  2,   4375,    33.72,   961.56,  962.56201
 , , , ,ALAEFRVR, 14.3,  2,   4529,    34.40,   961.56,  962.56233
 , , , ,ALAEFRVR, 16.0,  2,   4601,    34.75,   961.56,  962.56237
 , , , ,GQIGAPMPGK, 34.5,  2,   2248,    23.64,   971.50,  971.49892
 , , , ,ADEAYLIGR, 22.8,  2,   7163,    46.21,  1007.52, 1007.51492
 , , , ,ADEAYLIGR, 42.2,  2,   6575,    43.51,  1007.52, 1008.52060
 , , , ,ADEAYLIGR, 40.4,  2,   6493,    43.16,  1007.52, 1008.52073
 , , , ,ADEAYLIGR, 38.2,  2,   6648,    43.85,  1007.52, 1008.52098
 , , , ,ADEAYLIGR, 38.2,  2,   6790,    44.54,  1007.52, 1008.52100
 , , , ,ADEAYLIGR, 31.4,  2,   6717,    44.20,  1007.52, 1008.52103
 , , , ,ADEAYLIGR, 28.4,  2,   6422,    42.83,  1007.52, 1008.52137
 , , , ,ADEAYLIGR, 28.1,  2,   6864,    44.89,  1007.52, 1008.52152
 , , , ,LEYKPIKK, 49.9,  2,   1323,    18.36,  1018.63, 1018.62945
 , , , ,LEYKPIKK, 28.1,  2,   1380,    18.70,  1018.63, 1018.62983
 , , , ,SKVLKDLPR, 52.1,  2,   2153,    23.16,  1055.66, 1055.65734
 , , , ,SKVLKDLPR, 20.2,  2,   2089,    22.82,  1055.66, 1056.66066
 , , , ,LTSDSVKLAK, 42.2,  2,   2592,    25.15,  1061.62, 1061.62054
 , , , ,LTSDSVKLAK, 38.8,  2,   2518,    24.81,  1061.62, 1061.62084
 , , , ,LTSDSVKLAK, 13.8,  2,   2749,    25.84,  1061.62, 1061.62109
 , , , ,LTSDSVKLAK, 33.0,  2,   2444,    24.46,  1061.62, 1062.62466
 , , , ,LTSDSVKLAK, 36.8,  2,   2358,    24.12,  1061.62, 1062.62522
 , , , ,INGCAIQCR, 45.8,  2,   2338,    24.04,  1091.51, 1091.51004
 , , , ,INGCAIQCR, 24.5,  2,   2425,    24.37,  1091.51, 1092.51293
 , , , ,INGCAIQCR, 30.7,  2,   2499,    24.72,  1091.51, 1092.51361
 , , , ,FIGPSPEVVR, 23.7,  2,   7617,    48.28,  1100.61, 1100.61026
 , , , ,FIGPSPEVVR, 63.6,  2,   7397,    47.25,  1100.61, 1100.61042
 , , , ,FIGPSPEVVR, 27.6,  2,   7906,    49.64,  1100.61, 1100.61056
 , , , ,FIGPSPEVVR, 18.5,  2,   7252,    46.57,  1100.61, 1101.61440
 , , , ,FIGPSPEVVR, 22.4,  2,   7465,    47.59,  1100.61, 1101.61465
 , , , ,FIGPSPEVVR, 23.5,  2,   7327,    46.91,  1100.61, 1101.61501
 , , , ,FIGPSPEVVR, 21.7,  2,   7169,    46.23,  1100.61, 1101.61507
 , , , ,FIGPSPEVVR, 15.0,  2,   7094,    45.88,  1100.61, 1101.61613
 , , , ,DAHQSLLATR, 26.6,  2,   3094,    27.56,  1111.59, 1111.58642
 , , , ,ELEKDLIDR, 32.4,  2,   4776,    35.48,  1130.61, 1130.60517
 , , , ,SSSAPVASPNVR, 13.0,  2,   5294,    37.60,  1171.61, 1173.60836
 , , , ,RLEYKPIKK, 21.8,  3,   1126,    17.15,  1174.73, 1175.73324
 , , , ,RLEYKPIKK, 13.5,  3,   1118,    17.11,  1174.73, 1176.73694
 , , , ,EGPEGFARAVR, 13.5,  3,   4098,    32.56,  1188.61, 1189.61596
 , , , ,FIGPSPEVVRK, 17.9,  3,   5670,    39.24,  1228.70, 1228.70361
 , , , ,FIGPSPEVVRK, 26.4,  3,   5850,    39.93,  1228.70, 1228.70402
 , , , ,FIGPSPEVVRK, 19.7,  3,   5522,    38.56,  1228.70, 1228.70406
 , , , ,FIGPSPEVVRK, 21.7,  2,   5056,    36.55,  1228.70, 1228.70568
 , , , ,FIGPSPEVVRK, 14.9,  3,   5762,    39.58,  1228.70, 1229.70660
 , , , ,FIGPSPEVVRK,  5.7,  3,   6300,    42.16,  1228.70, 1229.70816
 , , , ,FIGPSPEVVRK, 14.2,  3,   6090,    41.05,  1228.70, 1229.70825
 , , , ,FIGPSPEVVRK, 18.1,  3,   5598,    38.90,  1228.70, 1229.70825
 , , , ,FIGPSPEVVRK, 13.8,  3,   5936,    40.29,  1228.70, 1229.70852
 , , , ,FIGPSPEVVRK, 30.3,  3,   5041,    36.50,  1228.70, 1229.70852
 , , , ,FIGPSPEVVRK,  8.2,  3,   6011,    40.62,  1228.70, 1229.70862
 , , , ,FIGPSPEVVRK, 22.6,  3,   5201,    37.19,  1228.70, 1229.70862
 , , , ,FIGPSPEVVRK, 31.2,  3,   5125,    36.84,  1228.70, 1229.70871
 , , , ,FIGPSPEVVRK, 23.0,  3,   5281,    37.54,  1228.70, 1229.70878
 , , , ,FIGPSPEVVRK,  7.9,  3,   6837,    44.77,  1228.70, 1229.70892
 , , , ,FIGPSPEVVRK, 28.9,  3,   4953,    36.16,  1228.70, 1229.70926
 , , , ,FIGPSPEVVRK, 39.1,  3,   4870,    35.81,  1228.70, 1229.70935
 , , , ,FIGPSPEVVRK, 18.7,  3,   5443,    38.22,  1228.70, 1229.70944
 , , , ,FIGPSPEVVRK, 28.0,  2,   4880,    35.85,  1228.70, 1229.70968
 , , , ,FIGPSPEVVRK, 31.0,  3,   4773,    35.47,  1228.70, 1229.71008
 , , , ,FIGPSPEVVRK, 18.3,  3,   5363,    37.88,  1228.70, 1229.71017
 , , , ,FIGPSPEVVRK, 33.1,  2,   4787,    35.51,  1228.70, 1229.71023
 , , , ,FIGPSPEVVRK, 19.0,  3,   4683,    35.13,  1228.70, 1229.71100
 , , , ,ALAEFRVRGVK,  6.4,  3,   4275,    33.36,  1245.74, 1246.74191
 , , , ,ALAEFRVRGVK,  6.6,  3,   4038,    32.27,  1245.74, 1246.74591
 , , , ,ALAEFRVRGVK,  7.6,  3,   4109,    32.61,  1245.74, 1246.74695
 , , , ,ALAEFRVRGVK,  7.2,  3,   4197,    33.03,  1245.74, 1246.74741
 , , , ,QKADEAYLIGR, 25.0,  3,   4372,    33.71,  1263.67, 1264.67125
 , , , ,QKADEAYLIGR, 22.8,  3,   4527,    34.40,  1263.67, 1264.67351
 , , , ,QKADEAYLIGR, 46.2,  2,   4380,    33.74,  1263.67, 1264.67410
 , , , ,QKADEAYLIGR, 15.4,  2,   4287,    33.40,  1263.67, 1264.67507
 , , , ,QKADEAYLIGR, 25.6,  3,   4451,    34.06,  1263.67, 1264.67626
 , , , ,QKADEAYLIGR, 22.5,  3,   4279,    33.38,  1263.67, 1265.67786
 , , , ,SRLTSDSVKLAK, 15.4,  2,   2378,    24.20,  1304.75, 1304.75518
 , , , ,SRLTSDSVKLAK, 47.5,  3,   2372,    24.17,  1304.75, 1305.75726
 , , , ,SRLTSDSVKLAK, 46.1,  3,   2216,    23.49,  1304.75, 1305.75730
 , , , ,SRLTSDSVKLAK, 49.8,  3,   2292,    23.83,  1304.75, 1305.75754
 , , , ,DVKGQIGAPMPGK, 15.3,  3,   2949,    26.86,  1313.69, 1314.69172
 , , , ,DVKGQIGAPMPGK, 12.6,  3,   2883,    26.52,  1313.69, 1314.69253
 , , , ,VFRACTELGIR, 18.9,  3,   6273,    42.00,  1321.70, 1322.70843
 , , , ,VFRACTELGIR, 29.1,  3,   6206,    41.64,  1321.70, 1322.70926
 , , , ,FLYECPWRR, 17.4,  3,   8065,    50.40,  1326.64, 1326.64084
 , , , ,GTPLDTEVPLER,  1.8,  2,   8237,    51.23,  1326.69, 1327.69192
 , , , ,GTPLDTEVPLER, 35.4,  2,   9204,    55.14,  1326.69, 1327.69506
 , , , ,GTPLDTEVPLER, 37.8,  2,   9041,    54.46,  1326.69, 1327.69517
 , , , ,GTPLDTEVPLER, 28.8,  2,   9288,    55.48,  1326.69, 1327.69542
 , , , ,GTPLDTEVPLER, 26.3,  2,   9124,    54.80,  1326.69, 1327.69544
 , , , ,GTPLDTEVPLER, 13.8,  2,   9445,    56.16,  1326.69, 1327.69558
 , , , ,GTPLDTEVPLER, 32.6,  2,   8954,    54.12,  1326.69, 1327.69608
 , , , ,GTPLDTEVPLER, 28.6,  2,   9369,    55.82,  1326.69, 1327.69609
 , , , ,VMVANRGEIAIR, 21.9,  3,   4041,    32.28,  1344.74, 1345.74471
 , , , ,QVFFELNGQLR, 19.1,  2,  12153,    68.42,  1350.72, 1351.72012
 , , , ,IAEEFEVELER, 26.6,  2,  10930,    63.11,  1363.67, 1364.67981
 , , , ,ALAVSDLNRAGQR, 13.6,  3,   4311,    33.51,  1370.75, 1371.75463
 , , , ,ALAVSDLNRAGQR,  8.2,  3,   4402,    33.85,  1370.75, 1371.75708
 , , , ,ADFAQACQDAGVR, 14.7,  2,   5900,    40.14,  1408.63, 1409.63162
 , , , ,ADFAQACQDAGVR, 47.4,  2,   5643,    39.11,  1408.63, 1409.63344
 , , , ,ADFAQACQDAGVR, 52.0,  2,   5570,    38.77,  1408.63, 1409.63374
 , , , ,ADFAQACQDAGVR, 42.1,  2,   5725,    39.45,  1408.63, 1409.63496
 , , , ,VIDIKVAAGDKVAK, 42.1,  3,   4261,    33.31,  1426.86, 1427.86719
 , , , ,VIDIKVAAGDKVAK, 14.7,  3,   4436,    34.00,  1426.86, 1427.86958
 , , , ,VIDIKVAAGDKVAK, 26.5,  3,   4353,    33.65,  1426.86, 1427.87012
 , , , ,GLYAAFDCTATMK, 25.9,  3,   8510,    52.33,  1464.65, 1465.65448
 , , , ,GLYAAFDCTATMK, 30.8,  2,   8727,    53.24,  1464.65, 1465.65476
 , , , ,GLYAAFDCTATMK, 16.3,  2,   8901,    53.93,  1464.65, 1465.65484
 , , , ,GLYAAFDCTATMK, 49.5,  2,   8634,    52.90,  1464.65, 1465.65498
 , , , ,GLYAAFDCTATMK, 12.3,  2,   8392,    51.88,  1464.65, 1465.65531
 , , , ,GLYAAFDCTATMK, 46.1,  2,   8559,    52.56,  1464.65, 1465.65547
 , , , ,GLYAAFDCTATMK, 43.3,  2,   8481,    52.22,  1464.65, 1465.65595
 , , , ,GLYAAFDCTATMK, 17.4,  2,   8817,    53.58,  1464.65, 1465.65682
 , , , ,IEVFRSGEGMGIR, 17.8,  3,   5351,    37.83,  1466.74, 1467.74884
 , , , ,DILLREGPEGFAR, 24.3,  3,   9682,    57.19,  1472.79, 1473.78997
 , , , ,DILLREGPEGFAR, 25.6,  3,   9606,    56.85,  1472.79, 1473.79113
 , , , ,DILLREGPEGFAR,  8.8,  2,   9630,    56.96,  1472.79, 1473.79128
 , , , ,DILLREGPEGFAR,  5.0,  3,   9825,    57.89,  1472.79, 1473.79372
 , , , ,KVMVANRGEIAIR,  1.6,  3,   2873,    26.47,  1472.84, 1473.84039
 , , , ,SLPDLGLRQENIR,  7.5,  3,   9864,    58.07,  1510.83, 1510.83482
 , , , ,SLPDLGLRQENIR, 10.0,  3,  10018,    58.76,  1510.83, 1511.83761
 , , , ,SLPDLGLRQENIR,  6.3,  3,   9571,    56.69,  1510.83, 1511.83780
 , , , ,SLPDLGLRQENIR,  6.0,  3,   9250,    55.32,  1510.83, 1511.83835
 , , , ,SLPDLGLRQENIR, 15.2,  3,   8562,    52.57,  1510.83, 1511.83869
 , , , ,SLPDLGLRQENIR, 14.5,  3,   8484,    52.23,  1510.83, 1511.83902
 , , , ,SLPDLGLRQENIR, 18.7,  3,   8637,    52.91,  1510.83, 1511.83911
 , , , ,SLPDLGLRQENIR, 12.9,  3,   8395,    51.89,  1510.83, 1511.83911
 , , , ,SLPDLGLRQENIR,  7.2,  3,   8906,    53.95,  1510.83, 1511.83953
 , , , ,SLPDLGLRQENIR, 11.5,  3,   9488,    56.35,  1510.83, 1511.83954
 , , , ,SLPDLGLRQENIR, 15.5,  3,   8315,    51.54,  1510.83, 1511.84054
 , , , ,VFDYSEYWEGAR,  3.6,  2,  13335,    74.46,  1521.66, 1522.66836
 , , , ,VFDYSEYWEGAR, 41.7,  2,  12915,    72.40,  1521.66, 1522.67020
 , , , ,VFDYSEYWEGAR, 44.2,  2,  12977,    72.73,  1521.66, 1522.67054
 , , , ,VFDYSEYWEGAR, 47.5,  2,  12856,    72.06,  1521.66, 1522.67100
 , , , ,VFDYSEYWEGAR, 14.1,  2,  13182,    73.76,  1521.66, 1522.67113
 , , , ,VFDYSEYWEGAR, 28.7,  2,  13049,    73.08,  1521.66, 1522.67113
 , , , ,VFDYSEYWEGAR, 17.6,  2,  13115,    73.43,  1521.66, 1522.67134
 , , , ,VFDYSEYWEGAR, 11.6,  2,  12793,    71.71,  1521.66, 1523.67654
 , , , ,GQIGAPMPGKVIDIK, 15.7,  2,   6990,    45.43,  1539.86, 1540.86131
 , , , ,GQIGAPMPGKVIDIK,  9.0,  3,   7197,    46.33,  1539.86, 1540.86157
 , , , ,GQIGAPMPGKVIDIK, 24.2,  3,   6883,    44.97,  1539.86, 1540.86186
 , , , ,GQIGAPMPGKVIDIK, 13.9,  2,   6830,    44.74,  1539.86, 1540.86196
 , , , ,GQIGAPMPGKVIDIK,  4.4,  3,   7276,    46.68,  1539.86, 1540.86213
 , , , ,GQIGAPMPGKVIDIK, 22.7,  3,   6960,    45.31,  1539.86, 1540.86223
 , , , ,GQIGAPMPGKVIDIK, 16.2,  3,   7117,    46.00,  1539.86, 1540.86230
 , , , ,GQIGAPMPGKVIDIK, 15.4,  3,   7046,    45.66,  1539.86, 1540.86278
 , , , ,GQIGAPMPGKVIDIK,  2.9,  3,   7618,    48.28,  1539.86, 1540.86450
 , , , ,AEAEAQAEELSFPR,  4.8,  2,   9581,    56.73,  1547.73, 1548.73757
 , , , ,AEAEAQAEELSFPR, 50.7,  2,   9039,    54.45,  1547.73, 1548.73998
 , , , ,AEAEAQAEELSFPR, 20.3,  2,   9452,    56.18,  1547.73, 1548.74014
 , , , ,AEAEAQAEELSFPR,  6.8,  2,   9371,    55.83,  1547.73, 1549.74319
 , , , ,AEAEAQAEELSFPR, 40.6,  2,   8951,    54.11,  1547.73, 1549.74355
 , , , ,AEAEAQAEELSFPR, 25.2,  2,   9122,    54.79,  1547.73, 1549.74416
 , , , ,AEAEAQAEELSFPR, 29.4,  2,   9285,    55.47,  1547.73, 1549.74453
 , , , ,AEAEAQAEELSFPR, 34.6,  2,   8865,    53.77,  1547.73, 1549.74477
 , , , ,AEAEAQAEELSFPR, 40.8,  2,   8782,    53.43,  1547.73, 1549.74502
 , , , ,AEAEAQAEELSFPR, 39.2,  2,   8679,    53.08,  1547.73, 1549.74507
 , , , ,AEAEAQAEELSFPR, 17.5,  2,   9200,    55.13,  1547.73, 1549.74612
 , , , ,SFQPDTGRIEVFR, 21.8,  3,   9094,    54.69,  1551.79, 1552.79638
 , , , ,SFQPDTGRIEVFR, 20.9,  3,   8916,    53.99,  1551.79, 1552.79722
 , , , ,SFQPDTGRIEVFR,  8.3,  3,   9212,    55.17,  1551.79, 1552.79735
 , , , ,SFQPDTGRIEVFR, 15.5,  3,   8751,    53.31,  1551.79, 1552.79767
 , , , ,SFQPDTGRIEVFR, 17.1,  3,   8837,    53.65,  1551.79, 1552.79788
 , , , ,SFQPDTGRIEVFR, 15.4,  3,   9008,    54.33,  1551.79, 1552.79828
 , , , ,IEGRPGASLPPLNLK, 26.7,  3,   8143,    50.78,  1561.91, 1562.91125
 , , , ,AYVEANQMLGDLIK,  7.3,  2,  11217,    64.48,  1580.80, 1581.80379
 , , , ,AYVEANQMLGDLIK,  8.8,  2,  11356,    65.21,  1580.80, 1581.80446
 , , , ,AYVEANQMLGDLIK, 51.4,  2,  11010,    63.46,  1580.80, 1581.80471
 , , , ,AYVEANQMLGDLIK, 51.0,  2,  10862,    62.79,  1580.80, 1581.80478
 , , , ,AYVEANQMLGDLIK,  9.8,  2,  10789,    62.44,  1580.80, 1581.80605
 , , , ,AYVEANQMLGDLIK, 30.8,  2,  10932,    63.12,  1580.80, 1581.80666
 , , , ,AYVEANQMLGDLIK,  4.8,  2,  11633,    66.43,  1580.80, 1581.81020
 , , , ,AYVEANQMLGDLIK,  9.2,  2,  11826,    67.11,  1580.80, 1582.78640
 , , , ,AYVEANQMLGDLIK,  9.5,  2,  11153,    64.14,  1580.80, 1582.80715
 , , , ,AYVEANQMLGDLIK, 16.0,  2,  11084,    63.80,  1580.80, 1582.80801
 , , , ,AYVEANQMLGDLIK,  1.7,  2,  11507,    65.90,  1580.80, 1582.80862
 , , , ,DMTLEGDDLILEIE,  2.6,  2,  18718,    97.91,  1621.75, 1622.75100
 , , , ,ALKDVKGQIGAPMPGK, 26.6,  4,   3357,    28.88,  1625.90, 1626.90805
 , , , ,ALKDVKGQIGAPMPGK, 20.9,  3,   3413,    29.18,  1625.90, 1626.90961
 , , , ,ALKDVKGQIGAPMPGK, 28.9,  3,   3348,    28.84,  1625.90, 1626.91002
 , , , ,ALKDVKGQIGAPMPGK, 18.5,  3,   3283,    28.50,  1625.90, 1627.91577
 , , , ,DFTATFGPLDSLNTR, 33.9,  2,  15916,    85.98,  1654.81, 1655.81045
 , , , ,DFTATFGPLDSLNTR, 33.8,  2,  15995,    86.32,  1654.81, 1655.81132
 , , , ,DFTATFGPLDSLNTR, 19.5,  2,  16072,    86.66,  1654.81, 1655.81231
 , , , ,VVEIAPATHLDPQLR,  9.3,  3,   9031,    54.42,  1658.92, 1659.92755
 , , , ,VVEIAPATHLDPQLR, 12.2,  3,   8942,    54.08,  1658.92, 1659.92812
 , , , ,VVEIAPATHLDPQLR, 33.9,  3,   8856,    53.72,  1658.92, 1659.92830
 , , , ,VVEIAPATHLDPQLR,  4.2,  2,   8730,    53.25,  1658.92, 1660.93203
 , , , ,KAYVEANQMLGDLIK,  3.3,  3,   9099,    54.71,  1708.89, 1709.89813
 , , , ,KAYVEANQMLGDLIK, 55.4,  3,   8381,    51.83,  1708.89, 1709.89921
 , , , ,KAYVEANQMLGDLIK, 43.3,  3,   8467,    52.17,  1708.89, 1709.90100
 , , , ,KAYVEANQMLGDLIK, 36.3,  3,   8547,    52.51,  1708.89, 1709.90143
 , , , ,KAYVEANQMLGDLIK,  3.3,  3,   8622,    52.85,  1708.89, 1709.90336
 , , , ,KAYVEANQMLGDLIK, 11.8,  3,   8301,    51.49,  1708.89, 1709.90362
 , , , ,FCEVAKENGMDVFR,  6.2,  3,   6748,    44.34,  1717.77, 1719.75642
 , , , ,FCEVAKENGMDVFR, 10.0,  3,   6680,    44.00,  1717.77, 1719.75757
 , , , ,TVAVYSEQDTGQMHR, 14.6,  3,   2775,    25.95,  1737.79, 1738.79345
 , , , ,TVAVYSEQDTGQMHR, 13.1,  2,   2629,    25.32,  1737.79, 1738.79486
 , , , ,TVAVYSEQDTGQMHR, 17.4,  3,   2698,    25.62,  1737.79, 1738.79618
 , , , ,TVAVYSEQDTGQMHR,  4.8,  3,   2620,    25.28,  1737.79, 1739.79522
 , , , ,IVGDLAQFMVQNGLSR, 31.1,  2,  13188,    73.80,  1747.92, 1747.89113
 , , , ,IVGDLAQFMVQNGLSR, 17.0,  2,  13121,    73.45,  1747.92, 1747.89217
 , , , ,AGQRQVFFELNGQLR, 21.0,  3,   9651,    57.06,  1762.93, 1763.94221
 , , , ,IVGDLAQFMVQNGLSR,  5.6,  2,  14014,    77.49,  1763.91, 1764.89807
 , , , ,IVGDLAQFMVQNGLSR, 63.3,  2,  12753,    71.52,  1763.91, 1764.91558
 , , , ,IVGDLAQFMVQNGLSR, 57.7,  2,  12478,    70.15,  1763.91, 1764.91707
 , , , ,IVGDLAQFMVQNGLSR, 48.5,  2,  12545,    70.50,  1763.91, 1764.91721
 , , , ,IVGDLAQFMVQNGLSR, 59.7,  2,  12615,    70.84,  1763.91, 1764.91737
 , , , ,IVGDLAQFMVQNGLSR, 13.6,  2,  12821,    71.86,  1763.91, 1764.91841
 , , , ,AGQRQVFFELNGQLR,  7.7,  3,  10445,    60.62,  1762.93, 1764.92517
 , , , ,IVGDLAQFMVQNGLSR,  8.4,  2,  13426,    74.94,  1763.91, 1765.89894
 , , , ,IVGDLAQFMVQNGLSR,  5.2,  2,  13213,    73.92,  1763.91, 1765.90114
 , , , ,IVGDLAQFMVQNGLSR,  5.6,  2,  13362,    74.60,  1763.91, 1765.90132
 , , , ,IVGDLAQFMVQNGLSR,  9.4,  2,  13291,    74.26,  1763.91, 1765.90203
 , , , ,IVGDLAQFMVQNGLSR,  5.0,  2,  13078,    73.23,  1763.91, 1765.90255
 , , , ,IVGDLAQFMVQNGLSR,  3.5,  2,  13144,    73.57,  1763.91, 1765.90336
 , , , ,IVGDLAQFMVQNGLSR,  6.4,  2,  13008,    72.88,  1763.91, 1765.90366
 , , , ,IVGDLAQFMVQNGLSR, 23.8,  2,  12882,    72.20,  1763.91, 1765.91348
 , , , ,IVGDLAQFMVQNGLSR, 37.9,  2,  12683,    71.18,  1763.91, 1765.92141
 , , , ,IVGDLAQFMVQNGLSR,  3.4,  2,  12416,    69.81,  1763.91, 1765.92289
 , , , ,VVHSYEELEENYTR, 22.1,  3,   7257,    46.59,  1767.82, 1768.82621
 , , , ,VVHSYEELEENYTR, 24.7,  3,   7174,    46.24,  1767.82, 1768.82683
 , , , ,VVHSYEELEENYTR, 10.3,  3,   7331,    46.93,  1767.82, 1768.82880
 , , , ,VVHSYEELEENYTR, 20.4,  3,   7101,    45.91,  1767.82, 1769.83203
 , , , ,GANAVGYTNYPDNVVFK, 15.9,  2,  10871,    62.83,  1828.89, 1829.88870
 , , , ,GANAVGYTNYPDNVVFK, 66.6,  2,  10733,    62.15,  1828.89, 1829.89150
 , , , ,GANAVGYTNYPDNVVFK, 31.8,  2,  10798,    62.49,  1828.89, 1829.89321
 , , , ,GANAVGYTNYPDNVVFK,  7.1,  2,  10669,    61.80,  1828.89, 1830.89785
 , , , ,DVKGQIGAPMPGKVIDIK, 23.5,  3,   7395,    47.24,  1882.05, 1883.04742
 , , , ,DVKGQIGAPMPGKVIDIK, 11.2,  4,   7280,    46.70,  1882.05, 1883.05368
 , , , ,DVKGQIGAPMPGKVIDIK, 13.3,  3,   7243,    46.53,  1882.05, 1883.05398
 , , , ,DVKGQIGAPMPGKVIDIK,  9.6,  3,   7318,    46.87,  1882.05, 1884.05817
 , , , ,AVRNHQGLLLMDTTFR, 16.5,  3,   6228,    41.75,  1887.99, 1888.98977
 , , , ,AVRNHQGLLLMDTTFR, 26.8,  4,   6236,    41.78,  1887.99, 1888.99021
 , , , ,VVEIAPATHLDPQLRSR,  8.4,  3,   6966,    45.34,  1902.06, 1903.06176
 , , , ,HQKVVEIAPATHLDPQLR, 22.4,  4,   6001,    40.58,  2052.13, 2053.14023
 , , , ,HQKVVEIAPATHLDPQLR, 11.8,  3,   5966,    40.41,  2052.13, 2054.14465
 , , , ,IEGRPGASLPPLNLKELEK,  4.3,  4,   9921,    58.34,  2061.17, 2062.18442
 , , , ,GMRVVHSYEELEENYTR,  4.6,  3,   6372,    42.55,  2127.98, 2128.98422
 , , , ,AYVEANQMLGDLIKVTPSSK, 33.5,  3,  11068,    63.73,  2180.13, 2181.13342
 , , , ,AYVEANQMLGDLIKVTPSSK, 17.2,  3,  10916,    63.05,  2180.13, 2181.13482
 , , , ,AYVEANQMLGDLIKVTPSSK, 12.7,  3,  11204,    64.41,  2180.13, 2181.13683
 , , , ,AYVEANQMLGDLIKVTPSSK,  4.8,  3,  11478,    65.78,  2180.13, 2182.13135
 , , , ,AYVEANQMLGDLIKVTPSSK, 28.5,  3,  11646,    66.47,  2180.13, 2182.13171
 , , , ,AYVEANQMLGDLIKVTPSSK,  6.4,  3,  11404,    65.43,  2180.13, 2182.13373
 , , , ,AYVEANQMLGDLIKVTPSSK, 20.2,  3,  10992,    63.39,  2180.13, 2182.13666
 , , , ,AYVEANQMLGDLIKVTPSSK,  4.8,  3,  11263,    64.75,  2180.13, 2182.14178
 , , , ,KAYVEANQMLGDLIKVTPSSK, 20.0,  3,   9037,    54.45,  2308.22, 2309.22851
 , , , ,KAYVEANQMLGDLIKVTPSSK, 39.9,  3,   9120,    54.79,  2308.22, 2309.22909
 , , , ,KAYVEANQMLGDLIKVTPSSK,  9.5,  4,   8976,    54.20,  2308.22, 2309.22910
 , , , ,KAYVEANQMLGDLIKVTPSSK,  1.6,  3,   8947,    54.10,  2308.22, 2310.23505
 , , , ,VTPSSKIVGDLAQFMVQNGLSR,  4.3,  3,  13336,    74.47,  2363.24, 2365.22913
VINC_MOUSE, Vinculin OS=Mus musculus GN=Vcl PE=1 SV=4,  647.8,     1066,ILLVAKR, 40.8,  2,   2801,    26.09,   812.57,  812.57101
 , , , ,ILLVAKR, 35.5,  2,   2727,    25.75,   812.57,  812.57129
 , , , ,TDAGFTLR,  7.3,  2,   5205,    37.21,   880.45,  881.45675
 , , , ,DYLIDGSR, 31.7,  2,   6038,    40.76,   938.46,  938.45762
 , , , ,DYLIDGSR, 29.0,  2,   6164,    41.45,   938.46,  938.45779
 , , , ,DYLIDGSR, 30.1,  2,   6101,    41.10,   938.46,  938.45797
 , , , ,SFLDSGYR, 35.2,  2,   6807,    44.62,   944.45,  944.44746
 , , , ,SFLDSGYR, 21.0,  2,   6881,    44.97,   944.45,  944.44764
 , , , ,SFLDSGYR, 14.8,  2,   6734,    44.28,   944.45,  945.45206
 , , , ,IPTISTQLK, 19.6,  2,   6744,    44.33,  1000.60, 1000.60412
 , , , ,EAEAASIKIR, 21.4,  2,   2802,    26.09,  1087.61, 1088.61636
 , , , ,STVEGIQASVK, 52.6,  2,   4176,    32.93,  1118.61, 1119.61050
 , , , ,TISPMVMDAK, 26.5,  2,   2809,    26.12,  1124.53, 1124.53288
 , , , ,TISPMVMDAK, 36.8,  2,   2654,    25.43,  1124.53, 1124.53343
 , , , ,TISPMVMDAK, 36.8,  2,   2733,    25.77,  1124.53, 1124.53369
 , , , ,IRTDAGFTLR, 31.6,  3,   5331,    37.74,  1149.64, 1149.63967
 , , , ,ANRILLVAKR, 24.0,  3,   2520,    24.82,  1153.75, 1154.75686
 , , , ,ELTPQVISAAR, 20.3,  2,   6998,    45.46,  1184.66, 1185.66842
 , , , ,ELTPQVISAAR, 30.6,  2,   7077,    45.80,  1184.66, 1185.66879
 , , , ,MSAEINEIIR, 28.3,  2,   6977,    45.38,  1191.60, 1191.60568
 , , , ,MALLMAEMSR, 12.1,  2,   3995,    32.08,  1200.54, 1201.54685
 , , , ,MALLMAEMSR, 39.5,  2,   3914,    31.73,  1200.54, 1201.54714
 , , , ,MALLMAEMSR, 30.1,  2,   3837,    31.39,  1200.54, 1201.54741
 , , , ,MALLMAEMSR,  1.3,  2,   3769,    31.05,  1200.54, 1201.54800
 , , , ,ELLPVLISAMK, 14.4,  2,  12504,    70.30,  1229.72, 1230.72280
 , , , ,EAVKAASDELSK, 20.6,  2,   2155,    23.17,  1247.65, 1248.65112
 , , , ,EAVKAASDELSK, 33.1,  3,   2102,    22.89,  1247.65, 1248.65143
 , , , ,EAVKAASDELSK, 20.4,  2,   2091,    22.82,  1247.65, 1248.65298
 , , , ,AVAGNISDPGLQK, 54.1,  2,   4745,    35.37,  1269.68, 1270.68539
 , , , ,AVAGNISDPGLQK,  6.7,  2,   4932,    36.07,  1269.68, 1270.68704
 , , , ,AVAGNISDPGLQK, 29.4,  2,   4844,    35.71,  1269.68, 1270.68705
 , , , ,NQGIEEALKNR,  5.0,  3,   3732,    30.85,  1271.67, 1272.67444
 , , , ,ILSTVKATMLGR, 25.8,  2,   4498,    34.27,  1305.76, 1305.75657
 , , , ,ILSTVKATMLGR, 23.1,  3,   4516,    34.36,  1305.76, 1306.75958
 , , , ,ILSTVKATMLGR, 24.4,  3,   4440,    34.01,  1305.76, 1306.75986
 , , , ,MTGLVDEAIDTK, 45.8,  2,   7124,    46.02,  1308.64, 1308.63613
 , , , ,MTGLVDEAIDTK, 62.4,  2,   7051,    45.68,  1308.64, 1309.64040
 , , , ,MTGLVDEAIDTK, 25.6,  2,   7012,    45.51,  1308.64, 1310.64407
 , , , ,ILSTVKATMLGR,  8.8,  2,   6467,    43.05,  1347.77, 1347.74626
 , , , ,EVENSEDPKFR, 19.7,  3,   2274,    23.75,  1349.63, 1350.63934
 , , , ,RMALLMAEMSR,  7.3,  3,   2526,    24.84,  1356.64, 1357.64514
 , , , ,ALASIDSKLNQAK, 37.5,  3,   4364,    33.69,  1358.76, 1359.76798
 , , , ,ALASIDSKLNQAK, 17.2,  2,   4355,    33.66,  1358.76, 1359.76800
 , , , ,ALASIDSKLNQAK, 27.0,  3,   4273,    33.36,  1358.76, 1359.76802
 , , , ,STVEGIQASVKTAR, 25.2,  3,   3897,    31.66,  1446.79, 1447.79688
 , , , ,STVEGIQASVKTAR, 17.2,  3,   3820,    31.31,  1446.79, 1447.79899
 , , , ,AQQVSQGLDVLTAK, 59.0,  2,   8359,    51.72,  1457.80, 1458.80180
 , , , ,LGATAEKAAAVGTANK,  6.9,  3,   2637,    25.35,  1472.81, 1474.81808
 , , , ,MLGQMTDQVADLR, 22.1,  2,   6293,    42.11,  1509.70, 1509.70565
 , , , ,MLGQMTDQVADLR, 60.6,  2,   6354,    42.46,  1509.70, 1510.70926
 , , , ,TARELTPQVISAAR, 35.0,  3,   5482,    38.40,  1512.85, 1513.85520
 , , , ,TARELTPQVISAAR, 27.2,  3,   5562,    38.74,  1512.85, 1513.85544
 , , , ,TARELTPQVISAAR, 13.1,  3,   5636,    39.08,  1512.85, 1513.85573
 , , , ,TARELTPQVISAAR, 14.1,  3,   5406,    38.06,  1512.85, 1514.86059
 , , , ,ALASQLQDSLKDLK, 31.8,  3,  10304,    59.97,  1529.85, 1530.85806
 , , , ,ALASQLQDSLKDLK, 12.6,  2,  10253,    59.75,  1529.85, 1530.85842
 , , , ,KLEAMTNSKQSIAK,  8.1,  3,   1067,    16.78,  1564.84, 1565.84197
 , , , ,AGEVINQPMMMAAR, 10.4,  2,   3146,    27.81,  1566.71, 1567.71262
 , , , ,ETVREAEAASIKIR, 27.0,  3,   4511,    34.33,  1572.87, 1574.87909
 , , , ,NSKNQGIEEALKNR, 24.7,  3,   2740,    25.80,  1600.84, 1601.84787
 , , , ,MLGQMTDQVADLRAR,  3.8,  3,   5310,    37.66,  1736.84, 1737.85261
 , , , ,VGKETVQTTEDQILKR, 18.3,  3,   5963,    40.41,  1845.01, 1846.01141
 , , , ,VGKETVQTTEDQILKR, 42.1,  4,   5823,    39.81,  1845.01, 1846.01176
 , , , ,VGKETVQTTEDQILKR, 81.8,  3,   5796,    39.72,  1845.01, 1846.01324
 , , , ,VGKETVQTTEDQILKR, 45.6,  3,   5882,    40.06,  1845.01, 1846.01361
 , , , ,VGKETVQTTEDQILKR,  1.6,  3,   6034,    40.74,  1845.01, 1846.01544
 , , , ,VGKETVQTTEDQILKR, 21.9,  4,   5731,    39.47,  1845.01, 1847.01645
 , , , ,AAAVGTANKSTVEGIQASVK, 48.4,  3,   5276,    37.52,  1902.03, 1903.03527
 , , , ,NFTVEKMSAEINEIIR, 14.8,  3,   9853,    58.02,  1909.97, 1910.97119
 , , , ,NFTVEKMSAEINEIIR, 33.3,  3,  10001,    58.69,  1909.97, 1910.97357
 , , , ,NFTVEKMSAEINEIIR, 32.1,  3,   9928,    58.36,  1909.97, 1910.97620
 , , , ,AASDELSKTISPMVMDAK,  8.2,  3,   6603,    43.64,  1925.92, 1926.92663
 , , , ,GWLRDPNASPGDAGEQAIR,  3.7,  3,   7696,    48.64,  2009.98, 2011.98920
 , , , ,GWLRDPNASPGDAGEQAIR,  8.0,  3,   7768,    48.98,  2009.98, 2011.98920
 , , , ,VAMANIQPQMLVAGATSIAR,  3.4,  3,  12206,    68.68,  2074.08, 2076.09167
 , , , ,AQQVSQGLDVLTAKVENAAR,  8.6,  3,  11563,    66.15,  2098.13, 2100.13599
 , , , ,AAAVGTANKSTVEGIQASVKTAR,  8.5,  3,   5243,    37.37,  2230.21, 2232.22424
 , , , ,AAAVGTANKSTVEGIQASVKTAR,  2.5,  4,   5173,    37.04,  2230.21, 2232.23056
 , , , ,EILGTCKMLGQMTDQVADLRAR, 12.1,  4,   7963,    49.93,  2538.25, 2540.25742
 , , , ,LGATAEKAAAVGTANKSTVEGIQASVK,  8.0,  4,   6912,    45.10,  2572.39, 2574.41074
CPSM_MOUSE, Carbamoyl-phosphate synthase [ammonia]  mitochondrial OS=Mus musculus GN=Cps1 PE=1 SV=2,  480.4,     1500,DVKVFGK, 29.3,  2,   2704,    25.64,   792.46,  792.46200
 , , , ,DADPILR, 41.2,  2,   4257,    33.29,   799.43,  799.42997
 , , , ,DADPILR, 43.9,  2,   4347,    33.63,   799.43,  799.43050
 , , , ,DADPILR, 36.7,  2,   4435,    34.00,   799.43,  799.43118
 , , , ,SFPFVSK, 23.6,  2,   7826,    49.27,   811.43,  811.43430
 , , , ,SFPFVSK, 26.9,  2,   7601,    48.21,   811.43,  811.43435
 , , , ,SFPFVSK, 27.2,  2,   7675,    48.55,   811.43,  811.43460
 , , , ,SFPFVSK, 23.9,  2,   7519,    47.87,   811.43,  811.43497
 , , , ,SFPFVSK, 32.5,  2,   7748,    48.89,   811.43,  811.43516
 , , , ,FLEEATR, 33.0,  2,   3537,    29.82,   865.44,  866.44597
 , , , ,GVLKEYGVK, 34.0,  2,   3316,    28.67,   992.58,  992.57718
 , , , ,GVLKEYGVK, 38.2,  2,   3180,    27.98,   992.58,  992.57738
 , , , ,GVLKEYGVK, 46.8,  2,   3250,    28.33,   992.58,  992.57751
 , , , ,TFEESFQK, 30.7,  2,   4518,    34.36,  1015.47, 1015.47351
 , , , ,TFEESFQK, 28.4,  2,   4592,    34.71,  1015.47, 1015.47376
 , , , ,TFEESFQK, 18.5,  2,   4750,    35.39,  1015.47, 1015.47631
 , , , ,TFEESFQK, 11.3,  2,   4441,    34.02,  1015.47, 1016.47839
 , , , ,TFEESFQK, 12.0,  2,   4666,    35.05,  1015.47, 1016.47921
 , , , ,SVGEVMAIGR, 28.0,  2,   3908,    31.71,  1034.53, 1035.53508
 , , , ,SVGEVMAIGR, 20.7,  2,   3832,    31.37,  1034.53, 1035.53508
 , , , ,VMIGESIDEK, 16.6,  2,   4713,    35.27,  1136.55, 1137.55532
 , , , ,RGVLKEYGVK, 16.8,  3,   2014,    22.40,  1148.68, 1148.67765
 , , , ,LFAEAVQKSR, 28.9,  3,   3234,    28.24,  1148.64, 1149.64621
 , , , ,IALGIPLPEIK, 18.1,  2,  14884,    81.02,  1163.74, 1163.74098
 , , , ,IALGIPLPEIK,  8.4,  2,  14967,    81.36,  1163.74, 1164.74477
 , , , ,IALGIPLPEIK,  3.5,  2,  15056,    81.74,  1163.74, 1164.74514
 , , , ,IALGIPLPEIK, 18.3,  2,  14789,    80.68,  1163.74, 1164.74563
 , , , ,IALGIPLPEIK, 11.5,  2,  14694,    80.33,  1163.74, 1164.74575
 , , , ,DILNMDKTLK, 11.6,  2,   4548,    34.50,  1206.64, 1206.64036
 , , , ,DILNMDKTLK, 14.1,  3,   4543,    34.47,  1206.64, 1207.64285
 , , , ,VSQEHPVVLTK, 27.8,  3,   2446,    24.47,  1236.69, 1236.69368
 , , , ,VSQEHPVVLTK, 23.7,  2,   2367,    24.15,  1236.69, 1236.69497
 , , , ,VSQEHPVVLTK, 15.8,  3,   2359,    24.12,  1236.69, 1237.70145
 , , , ,IMGTSPLQIDR, 27.6,  2,   6388,    42.65,  1246.65, 1246.64575
 , , , ,IMGTSPLQIDR, 11.2,  2,   6455,    42.99,  1246.65, 1247.65134
 , , , ,TLGVDFIDVATK, 41.8,  2,  13314,    74.37,  1278.69, 1279.69883
 , , , ,FVHDNYVIRR,  5.0,  3,   3172,    27.94,  1318.70, 1319.70706
 , , , ,AADTIGYPVMIR, 11.2,  2,   8868,    53.78,  1322.68, 1323.68203
 , , , ,GQNQPVLNITNR, 45.5,  2,   5898,    40.13,  1353.72, 1354.72830
 , , , ,GQNQPVLNITNR, 29.7,  2,   5980,    40.47,  1353.72, 1354.72891
 , , , ,GQNQPVLNITNR, 22.3,  2,   5818,    39.79,  1353.72, 1354.72943
 , , , ,TFEESFQKALR,  1.3,  3,   8054,    50.35,  1355.70, 1356.69784
 , , , ,TFEESFQKALR, 11.8,  3,   7902,    49.63,  1355.70, 1356.69849
 , , , ,TFEESFQKALR, 40.8,  3,   7971,    49.97,  1355.70, 1356.69863
 , , , ,AFAMTNQILVER, 22.8,  2,   8226,    51.18,  1408.73, 1409.72891
 , , , ,AFAMTNQILVER, 26.4,  2,   8155,    50.84,  1408.73, 1409.72990
 , , , ,AFAMTNQILVER, 28.5,  2,   7942,    49.82,  1408.73, 1409.73049
 , , , ,AFAMTNQILVER, 54.6,  2,   8011,    50.16,  1408.73, 1409.73068
 , , , ,AFAMTNQILVER, 42.5,  2,   8084,    50.50,  1408.73, 1409.73089
 , , , ,AFAMTNQILVER, 15.7,  2,   8601,    52.74,  1408.73, 1410.71386
 , , , ,GLNSDSVTEETLR, 39.2,  2,   6644,    43.83,  1420.69, 1421.69595
 , , , ,GLNSDSVTEETLR, 52.8,  2,   6570,    43.49,  1420.69, 1421.69680
 , , , ,GLNSDSVTEETLR, 41.3,  2,   6489,    43.15,  1420.69, 1421.69814
 , , , ,GLNSDSVTEETLR,  7.8,  2,   7664,    48.50,  1420.69, 1422.67971
 , , , ,AKEIGFSDKQISK,  2.3,  2,   2713,    25.69,  1450.79, 1451.79580
 , , , ,AKEIGFSDKQISK,  2.6,  3,   2689,    25.58,  1450.79, 1451.79696
 , , , ,ALENNMSLDEIVR, 74.7,  2,   8952,    54.12,  1519.74, 1520.74638
 , , , ,ALENNMSLDEIVR, 47.4,  2,   8867,    53.77,  1519.74, 1520.74759
 , , , ,GLNSDSVTEETLRK,  5.0,  3,   4845,    35.72,  1548.79, 1548.78473
 , , , ,GLNSDSVTEETLRK,  9.6,  3,   4724,    35.31,  1548.79, 1548.78792
 , , , ,GLNSDSVTEETLRK, 32.1,  3,   4646,    34.96,  1548.79, 1549.79235
 , , , ,QLFSDKLNEINEK,  8.0,  3,   7820,    49.24,  1577.82, 1578.82327
 , , , ,VLGTSVESIMATEDR, 21.9,  2,   8014,    50.17,  1623.79, 1624.79515
 , , , ,VLGTSVESIMATEDR, 16.6,  2,   7944,    49.83,  1623.79, 1624.79524
 , , , ,NGVKIMGTSPLQIDR, 17.0,  3,   8797,    53.49,  1644.87, 1646.85986
 , , , ,IGSSMKSVGEVMAIGR, 52.5,  3,   4127,    32.69,  1653.83, 1654.83565
 , , , ,IGSSMKSVGEVMAIGR,  4.5,  3,   4790,    35.52,  1653.83, 1654.83630
 , , , ,IGSSMKSVGEVMAIGR, 17.3,  3,   4283,    33.39,  1653.83, 1654.83658
 , , , ,IGSSMKSVGEVMAIGR, 12.3,  3,   4203,    33.04,  1653.83, 1654.83705
 , , , ,IGSSMKSVGEVMAIGR,  9.7,  3,   4057,    32.35,  1653.83, 1655.83734
 , , , ,ELSEPSSTRIYAIAK,  6.6,  3,   7061,    45.72,  1664.89, 1665.89001
 , , , ,IMGTSPLQIDRAEDR,  7.7,  3,   5764,    39.59,  1717.85, 1718.85919
 , , , ,IMGTSPLQIDRAEDR,  6.2,  3,   5849,    39.93,  1717.85, 1718.86169
 , , , ,TLKGLNSDSVTEETLR,  6.8,  3,   6832,    44.75,  1762.92, 1763.92531
 , , , ,TSACFEPSLDYMVTK,  3.3,  2,  10314,    60.01,  1764.78, 1765.78555
 , , , ,LPMNKEWPANLDLKK,  6.5,  4,   6839,    44.78,  1812.97, 1813.96982
 , , , ,FVEGAREVEMDAVGKEGR, 10.4,  3,   5491,    38.43,  1994.96, 1996.96997
 , , , ,FVEGAREVEMDAVGKEGR,  8.7,  3,   5571,    38.77,  1994.96, 1996.97125
 , , , ,FVEGAREVEMDAVGKEGR,  6.4,  3,   5414,    38.10,  1994.96, 1996.97611
 , , , ,TVLMNPNIASVQTNEVGLK, 25.3,  2,  10800,    62.50,  2044.07, 2045.07693
 , , , ,TVLMNPNIASVQTNEVGLK,  3.3,  2,  10873,    62.84,  2044.07, 2045.07790
 , , , ,MSMANRGQNQPVLNITNR,  2.6,  3,   4309,    33.50,  2076.01, 2077.00848
 , , , ,MSMANRGQNQPVLNITNR, 15.0,  3,   4230,    33.16,  2076.01, 2077.01288
 , , , ,FLEEATRVSQEHPVVLTK, 11.5,  3,   8174,    50.92,  2083.12, 2085.12555
ACLY_MOUSE, ATP-citrate synthase OS=Mus musculus GN=Acly PE=1 SV=1,  313.5,     1091,LTLLNPK, 54.5,  2,   5577,    38.80,   798.51,  798.50814
 , , , ,EAGVFVPR, 61.5,  2,   4968,    36.23,   874.48,  874.47747
 , , , ,EAGVFVPR, 21.8,  2,   4888,    35.89,   874.48,  875.48200
 , , , ,TILSLMTR, 22.7,  2,   6636,    43.79,   950.53,  950.53393
 , , , ,TILSLMTR, 53.8,  2,   6560,    43.45,   950.53,  950.53400
 , , , ,TILSLMTR, 40.0,  2,   6479,    43.10,   950.53,  950.53429
 , , , ,TILSLMTR, 12.3,  2,   6705,    44.13,   950.53,  950.53443
 , , , ,TILSLMTR, 13.2,  2,   6409,    42.76,   950.53,  950.53445
 , , , ,AIVWGMQTR,  8.0,  2,   5277,    37.53,  1077.55, 1078.55665
 , , , ,GGPNYQEGLR, 25.8,  2,   3553,    29.91,  1090.53, 1090.52831
 , , , ,GGPNYQEGLR, 12.2,  2,   3488,    29.57,  1090.53, 1091.53310
 , , , ,GGPNYQEGLR,  1.8,  2,   3421,    29.22,  1090.53, 1091.53352
 , , , ,RGGPNYQEGLR, 29.7,  3,   2165,    23.23,  1246.63, 1247.63418
 , , , ,SGASLKLTLLNPK, 34.1,  2,   8082,    50.49,  1341.81, 1341.80979
 , , , ,SGASLKLTLLNPK, 12.6,  2,   8009,    50.15,  1341.81, 1342.81704
 , , , ,LYRPGSVAYVSR, 29.7,  3,   4970,    36.23,  1367.74, 1368.74747
 , , , ,LYRPGSVAYVSR, 25.2,  3,   4891,    35.90,  1367.74, 1368.74769
 , , , ,LYRPGSVAYVSR, 23.0,  3,   4798,    35.55,  1367.74, 1368.74939
 , , , ,NQALKEAGVFVPR, 60.4,  3,   6843,    44.80,  1428.80, 1429.80023
 , , , ,NQALKEAGVFVPR, 46.9,  3,   6922,    45.14,  1428.80, 1429.80123
 , , , ,NQALKEAGVFVPR, 13.1,  2,   6860,    44.88,  1428.80, 1429.80136
 , , , ,NQALKEAGVFVPR, 19.3,  3,   6773,    44.46,  1428.80, 1430.80639
 , , , ,SGGMSNELNNIISR, 55.7,  2,   7666,    48.51,  1507.72, 1508.72193
 , , , ,SGGMSNELNNIISR, 61.4,  2,   7592,    48.17,  1507.72, 1508.72250
 , , , ,SGGMSNELNNIISR, 17.6,  2,   6234,    41.78,  1507.72, 1509.70479
 , , , ,SGGMSNELNNIISR,  4.9,  2,   8557,    52.55,  1507.72, 1509.70693
 , , , ,IGNTGGMLDNILASK, 15.0,  2,   9529,    56.53,  1519.78, 1520.78286
 , , , ,TIAIIAEGIPEALTR, 24.2,  2,  15239,    82.75,  1567.91, 1568.91200
 , , , ,TIAIIAEGIPEALTR,  8.8,  2,  15313,    83.13,  1567.91, 1568.91457
 , , , ,AFDSGIIPMEFVNK,  8.4,  2,  13038,    73.02,  1583.78, 1584.78123
 , , , ,EAYPEEAYIADLDAK, 40.3,  2,  12689,    71.20,  1697.79, 1698.79507
 , , , ,EAYPEEAYIADLDAK, 29.8,  2,  12621,    70.86,  1697.79, 1699.80044
 , , , ,TASFSESRADEVAPAKK,  7.6,  3,   2635,    25.34,  1793.90, 1795.91138
 , , , ,TASFSESRADEVAPAKK,  2.7,  3,   2560,    25.00,  1793.90, 1795.91412
 , , , ,SAYDSTMETMNYAQIR,  2.7,  2,   7007,    45.49,  1912.81, 1914.81387
 , , , ,SAYDSTMETMNYAQIR, 19.6,  2,   6921,    45.14,  1912.81, 1914.81411
 , , , ,SAYDSTMETMNYAQIR, 17.1,  2,   6841,    44.79,  1912.81, 1914.81594
UBA1_MOUSE, Ubiquitin-like modifier-activating enzyme 1 OS=Mus musculus GN=Uba1 PE=1 SV=1,  223.7,     1058,SIPICTLK, 23.6,  2,   5971,    40.43,   931.53,  931.52824
 , , , ,GGIVSQVKVPK, 33.4,  2,   4134,    32.72,  1111.68, 1111.68250
 , , , ,LDQPMTEIVSR, 26.2,  2,   5144,    36.91,  1304.65, 1305.65603
 , , , ,LDQPMTEIVSR, 40.2,  2,   5218,    37.26,  1304.65, 1305.65723
 , , , ,NGSEADIDESLYSR,  7.9,  2,   7298,    46.77,  1555.69, 1556.69387
 , , , ,ERLDQPMTEIVSR, 11.4,  3,   4567,    34.59,  1589.80, 1590.80212
 , , , ,LAGTQPLEVLEAVQR,  5.9,  2,  13833,    76.80,  1623.91, 1624.91069
 , , , ,LAGTQPLEVLEAVQR, 30.9,  2,  13669,    76.11,  1623.91, 1624.91140
 , , , ,LAGTQPLEVLEAVQR, 35.7,  2,  13751,    76.45,  1623.91, 1624.91143
 , , , ,LAGTQPLEVLEAVQR, 63.7,  3,  13674,    76.13,  1623.91, 1624.91309
 , , , ,LAGTQPLEVLEAVQR, 12.3,  3,  14057,    77.66,  1623.91, 1624.91622
 , , , ,SPPSVKQNSLDEDLIR,  2.9,  3,   7247,    46.55,  1797.93, 1798.94250
 , , , ,LKERLDQPMTEIVSR, 30.1,  3,   4426,    33.96,  1830.97, 1831.97856
 , , , ,LKERLDQPMTEIVSR, 17.3,  3,   4409,    33.87,  1830.97, 1832.98840
 , , , ,NEEDATELVGLAQAVNAR, 37.9,  3,  13990,    77.41,  1899.94, 1900.94500
 , , , ,NEEDATELVGLAQAVNAR, 12.7,  2,  14391,    79.10,  1899.94, 1900.94741
 , , , ,NEEDATELVGLAQAVNAR, 19.0,  2,  14075,    77.73,  1899.94, 1900.95057
 , , , ,NEEDATELVGLAQAVNAR, 53.3,  2,  13983,    77.39,  1899.94, 1901.94936
 , , , ,SLPASLVEPDFVMTDFAK, 10.3,  3,   7316,    46.86,  1966.98, 1968.01312
AL1L1_MOUSE, Cytosolic 10-formyltetrahydrofolate dehydrogenase OS=Mus musculus GN=Aldh1l1 PE=1 SV=1,  167.2,      902,FAELTLK, 35.9,  2,   7014,    45.52,   821.48,  821.47622
 , , , ,LIAEGTAPR, 19.4,  2,   2871,    26.46,   927.53,  927.52566
 , , , ,LIAEGTAPR, 32.7,  2,   2808,    26.12,   927.53,  928.53036
 , , , ,LIAEGTAPR, 33.4,  2,   2735,    25.78,   927.53,  928.53054
 , , , ,LIAEGTAPR, 15.6,  2,   2656,    25.44,   927.53,  928.53089
 , , , ,FLFPEGIK, 11.5,  2,  11080,    63.78,   950.53,  950.53438
 , , , ,IKTVTFEY, 13.1,  2,   8012,    50.16,  1000.53, 1000.53565
 , , , ,GQALPEVVAK,  6.4,  2,   4982,    36.28,  1011.58, 1012.58859
 , , , ,FADGDVDAVLSR, 28.3,  2,  10106,    59.12,  1264.62, 1265.62066
 , , , ,FADGDVDAVLSR, 59.6,  2,  10024,    58.77,  1264.62, 1265.62083
 , , , ,FADGDVDAVLSR, 11.9,  2,  10185,    59.46,  1264.62, 1265.62197
 , , , ,FADGDVDAVLSR, 56.7,  2,   9947,    58.43,  1264.62, 1265.62240
 , , , ,FADGDVDAVLSR, 21.3,  2,   9869,    58.09,  1264.62, 1265.62303
 , , , ,DLGEAALNEYLR, 12.9,  2,  13739,    76.40,  1363.69, 1364.69119
 , , , ,DLGEAALNEYLR, 20.7,  2,  13655,    76.04,  1363.69, 1364.69124
 , , , ,EESFGPIMIISR, 14.3,  2,  12417,    69.81,  1394.70, 1395.70393
 , , , ,ANATEFGLASGVFTR,  4.6,  2,  12593,    70.74,  1540.78, 1541.77847
 , , , ,ANATEFGLASGVFTR, 48.1,  2,  12458,    70.05,  1540.78, 1541.78176
 , , , ,GVVNILPGSGSLVGQR, 10.8,  2,  11880,    67.31,  1552.88, 1553.88564
 , , , ,RPQPEEGATYEGIQKK, 40.2,  3,   2310,    23.91,  1830.93, 1831.94007
 , , , ,RPQPEEGATYEGIQKK, 19.1,  3,   2290,    23.82,  1830.93, 1832.94629
 , , , ,NIQLEDGKMMPASQFFK, 10.4,  3,   8983,    54.23,  2015.96, 2016.96706
ALBU_MOUSE, Serum albumin OS=Mus musculus GN=Alb PE=1 SV=3,  146.5,      608,LGEYGFQNAILVR, 51.3,  2,  13019,    72.93,  1479.80, 1479.79561
 , , , ,LGEYGFQNAILVR, 87.0,  2,  13086,    73.27,  1479.80, 1479.79642
 , , , ,DVFLGTFLYEYSR, 63.1,  2,  18560,    97.46,  1609.79, 1609.79543
 , , , ,YTQKAPQVSTPTLVEAAR, 19.3,  3,   6953,    45.29,  1960.05, 1961.05365
 , , , ,AADKDTCFSTEGPNLVTR,  4.3,  3,   6877,    44.95,  1981.93, 1982.93490
ADH1_MOUSE, Alcohol dehydrogenase 1 OS=Mus musculus GN=Adh1 PE=1 SV=2,  143.7,      375,SDLLMPR, 40.0,  2,   4132,    32.72,   847.43,  847.43379
 , , , ,SDLLMPR, 52.2,  2,   4062,    32.38,   847.43,  847.43383
 , , , ,SDLLMPR, 47.5,  2,   3827,    31.35,   847.43,  847.43397
 , , , ,SDLLMPR, 49.5,  2,   3982,    32.03,   847.43,  847.43406
 , , , ,SDLLMPR, 46.9,  2,   3903,    31.69,   847.43,  847.43409
 , , , ,LVADFMAK, 37.5,  2,   4654,    34.99,   910.47,  910.46971
 , , , ,SIRTVLTF, 16.3,  2,  10131,    59.23,   936.55,  936.55095
 , , , ,SIRTVLTF, 27.8,  2,  10210,    59.58,   936.55,  936.55151
 , , , ,SIRTVLTF, 18.1,  2,  10292,    59.92,   936.55,  936.55234
 , , , ,IIAVDINKDKFAK,  9.3,  3,   5909,    40.18,  1474.86, 1475.86710
 , , , ,SDLLMPRGTLREGTSR,  5.9,  2,  20190,   103.10,  1804.93, 1805.93643
 , , , ,SDLLMPRGTLREGTSR,  1.6,  2,  19861,   102.05,  1804.93, 1806.93203
 , , , ,SDLLMPRGTLREGTSR,  4.3,  2,  19706,   101.49,  1804.93, 1806.93618
 , , , ,SDLLMPRGTLREGTSR,  4.1,  2,  19972,   102.41,  1804.93, 1806.93691
 , , , ,SDLLMPRGTLREGTSR,  6.4,  2,  20082,   102.75,  1804.93, 1806.94424
CH60_MOUSE, 60 kDa heat shock protein  mitochondrial OS=Mus musculus GN=Hspd1 PE=1 SV=1,  137.4,      573,LSDGVAVLK, 52.3,  2,   5437,    38.20,   901.54,  901.53501
 , , , ,LSDGVAVLK, 45.5,  2,   5357,    37.85,   901.54,  901.53520
 , , , ,VTDALNATR, 38.5,  2,   2548,    24.94,   960.51,  960.51112
 , , , ,VTDALNATR, 40.4,  2,   2631,    25.33,   960.51,  960.51227
 , , , ,LAKLSDGVAVLK, 27.7,  3,   6779,    44.49,  1213.75, 1214.75531
 , , , ,NAGVEGSLIVEK, 22.5,  2,   6207,    41.65,  1215.66, 1216.66354
 , , , ,TVIIEQSWGSPK, 24.9,  2,   8431,    52.02,  1344.72, 1344.71719
 , , , ,GRTVIIEQSWGSPK,  1.5,  2,   9610,    56.86,  1557.84, 1558.83572
 , , , ,VGGTSDVEVNEKKDR, 23.1,  4,   1293,    18.17,  1632.82, 1633.82248
 , , , ,VGGTSDVEVNEKKDR,  3.2,  3,   1283,    18.11,  1632.82, 1633.82385
 , , , ,LVQDVANNTNEEAGDGTTTATVLAR, 63.2,  3,   9186,    55.06,  2560.25, 2562.25683
K2C1_MOUSE, Keratin  type II cytoskeletal 1 OS=Mus musculus GN=Krt1 PE=1 SV=4,  112.6,      637,TNAENEFVTIKK, 38.1,  3,   4318,    33.53,  1393.73, 1393.72909
 , , , ,TNAENEFVTIKK, 19.6,  3,   4408,    33.87,  1393.73, 1393.73131
 , , , ,FLEQQNQVLQTK, 80.2,  2,   6795,    44.56,  1475.79, 1475.78625
 , , , ,FLEQQNQVLQTK, 34.7,  2,   6722,    44.22,  1475.79, 1475.78673
 , , , ,AEAETFYQSKYEELQITAGKHGDSVR,  6.1,  4,   7423,    47.39,  2999.44, 2999.43564
AT1A1_MOUSE, Sodium/potassium-transporting ATPase subunit alpha-1 OS=Mus musculus GN=Atp1a1 PE=1 SV=1,  100.4,     1023,LIIVEGCQR, 38.3,  2,   5495,    38.44,  1087.59, 1087.59480
 , , , ,LIIVEGCQR,  5.4,  2,   5415,    38.10,  1087.59, 1088.59951
 , , , ,LNIPVNQVNPR, 37.3,  2,   7274,    46.67,  1263.72, 1264.72146
 , , , ,SPDFTNENPLETR, 22.6,  2,   9206,    55.15,  1519.70, 1520.70303
 , , , ,SPDFTNENPLETR, 55.6,  2,   9125,    54.80,  1519.70, 1520.70707
 , , , ,SPDFTNENPLETR, 17.5,  2,   9043,    54.46,  1519.70, 1520.71011
 , , , ,GIVVYTGDRTVMGR,  8.2,  3,   5086,    36.67,  1539.79, 1539.79539
 , , , ,GIVVYTGDRTVMGR, 19.3,  3,   4995,    36.33,  1539.79, 1540.80037
 , , , ,KADIGVAMGIVGSDVSK, 34.0,  3,   6626,    43.74,  1662.87, 1663.87726
 , , , ,KADIGVAMGIVGSDVSK,  3.7,  3,   6706,    44.13,  1662.87, 1664.88257
 , , , ,AVFQANQENLPILKR, 25.2,  3,   9370,    55.83,  1740.98, 1741.98022
 , , , ,TSPQQKLIIVEGCQR, 13.6,  3,   5646,    39.12,  1756.94, 1757.94537
 , , , ,GVGIISEGNETVEDIAAR, 18.5,  2,  12025,    67.85,  1829.92, 1831.93472
 , , , ,GVGIISEGNETVEDIAAR,  1.0,  2,  11932,    67.51,  1829.92, 1831.94814
 , , , ,NPNASEPKHLLVMKGAPER,  3.5,  2,  20006,   102.52,  2104.10, 2106.07827
SARDH_MOUSE, Sarcosine dehydrogenase  mitochondrial OS=Mus musculus GN=Sardh PE=1 SV=1,  100.3,      919,ASCLPVYR, 11.7,  2,   4618,    34.83,   965.49,  965.48702
 , , , ,AIDSLSIEK, 12.8,  2,   5996,    40.56,   975.54,  975.53589
 , , , ,AIDSLSIEK, 17.2,  2,   5915,    40.20,   975.54,  976.54189
 , , , ,HGLVNAGYR, 27.1,  2,   2080,    22.77,   986.52,  986.51639
 , , , ,VRTDDFGVR, 11.5,  2,   3194,    28.05,  1064.55, 1064.54965
 , , , ,GGTESDLTVSR, 51.3,  2,   3176,    27.96,  1121.54, 1121.54395
 , , , ,GGTESDLTVSR, 45.5,  2,   3033,    27.28,  1121.54, 1122.54812
 , , , ,GGTESDLTVSR, 35.4,  2,   3104,    27.62,  1121.54, 1122.54858
 , , , ,GGTESDLTVSR, 21.8,  2,   2898,    26.59,  1121.54, 1122.54885
 , , , ,GGTESDLTVSR, 36.1,  2,   2964,    26.94,  1121.54, 1122.54910
 , , , ,VRTDDFGVRR, 16.0,  3,   2268,    23.72,  1220.65, 1220.65016
 , , , ,IEGIQNMPNVR, 18.0,  2,   4298,    33.46,  1286.65, 1286.65166
 , , , ,GAQVIENCAVTGIR,  4.6,  2,   7264,    46.62,  1487.76, 1488.77123
 , , , ,GAQVIENCAVTGIR, 15.5,  2,   7182,    46.27,  1487.76, 1489.76894
 , , , ,AAVARGAQVIENCAVTGIR,  7.1,  3,   8168,    50.90,  1956.04, 1957.05512
CAND1_MOUSE, Cullin-associated NEDD8-dissociated protein 1 OS=Mus musculus GN=Cand1 PE=1 SV=2,   98.1,     1230,DISSIGLK, 47.3,  2,   6752,    44.36,   832.48,  832.47691
 , , , ,DISSIGLK, 24.6,  2,   6683,    44.02,   832.48,  832.47720
 , , , ,TVSPALIAR, 34.3,  2,   5420,    38.12,   927.56,  927.56258
 , , , ,TVSPALIAR, 37.6,  2,   5258,    37.43,   927.56,  927.56265
 , , , ,TVSPALIAR, 40.5,  2,   5339,    37.77,   927.56,  927.56301
 , , , ,TVSPALIAR, 17.4,  2,   5184,    37.09,   927.56,  928.56689
 , , , ,TLEDPDLNVR, 11.7,  2,   6659,    43.90,  1171.60, 1172.60171
 , , , ,AADIDQEVKER, 19.2,  3,   2479,    24.62,  1273.64, 1274.64270
 , , , ,AADIDQEVKER, 39.2,  3,   2553,    24.97,  1273.64, 1274.64270
 , , , ,AADIDQEVKER, 23.3,  2,   2559,    25.00,  1273.64, 1274.64385
 , , , ,AADIDQEVKER, 22.4,  2,   2484,    24.65,  1273.64, 1274.64586
 , , , ,TLEDPDLNVRR, 17.0,  2,   4774,    35.47,  1327.70, 1327.69725
 , , , ,LKGYLISGSSYAR, 35.0,  3,   5941,    40.30,  1414.77, 1415.77344
 , , , ,LKAADIDQEVKER, 25.2,  3,   3957,    31.93,  1514.82, 1515.82282
 , , , ,LKAADIDQEVKER, 19.3,  3,   3879,    31.58,  1514.82, 1515.82318
 , , , ,SVILEAFSSPSEEVK, 11.3,  2,  11839,    67.16,  1621.83, 1622.83437
 , , , ,SVILEAFSSPSEEVK, 20.6,  2,  11930,    67.50,  1621.83, 1622.83498
ITB1_MOUSE, Integrin beta-1 OS=Mus musculus GN=Itgb1 PE=1 SV=1,   95.9,      798,SAVTTVVNPK, 45.1,  2,   3259,    28.37,  1015.58, 1015.57947
 , , , ,SAVTTVVNPK, 46.5,  2,   3188,    28.02,  1015.58, 1016.58297
 , , , ,SAVTTVVNPK, 36.3,  2,   3116,    27.68,  1015.58, 1016.58370
 , , , ,SLGTDLMNEMR, 16.0,  2,   4830,    35.67,  1298.57, 1298.56954
 , , , ,SLGTDLMNEMR, 17.8,  2,   4920,    36.01,  1298.57, 1298.57048
 , , , ,SAVTTVVNPKYEGK, 35.4,  3,   3997,    32.08,  1492.80, 1493.80493
 , , , ,SAVTTVVNPKYEGK, 21.5,  2,   4003,    32.11,  1492.80, 1493.80581
 , , , ,SAVTTVVNPKYEGK, 10.1,  2,   3925,    31.77,  1492.80, 1493.80720
 , , , ,SAVTTVVNPKYEGK, 15.5,  3,   3916,    31.74,  1492.80, 1493.80735
ATPA_MOUSE, ATP synthase subunit alpha  mitochondrial OS=Mus musculus GN=Atp5a1 PE=1 SV=1,   92.2,      553,VLSIGDGIAR, 33.6,  2,   7515,    47.85,  1000.58, 1000.57837
 , , , ,VLSIGDGIAR,  9.6,  2,   7445,    47.49,  1000.58, 1001.58328
 , , , ,STVAQLVKR, 57.3,  2,   2819,    26.17,  1001.61, 1001.61013
 , , , ,AVDSLVPIGR, 38.5,  2,   8345,    51.66,  1026.59, 1026.59358
 , , , ,AVDSLVPIGR, 20.6,  2,   8456,    52.13,  1026.59, 1026.59499
 , , , ,VGLKAPGIIPR,  7.4,  2,   6503,    43.21,  1120.72, 1120.71888
 , , , ,LIKEGDVVKR, 20.9,  3,   1927,    21.90,  1156.70, 1157.70770
 , , , ,ELIIGDRQTGK,  6.6,  3,   3245,    28.30,  1229.68, 1230.68942
 , , , ,ELIIGDRQTGK,  9.7,  2,   3237,    28.26,  1229.68, 1230.68948
 , , , ,AVDSLVPIGRGQR, 17.1,  3,   5801,    39.73,  1367.78, 1368.78189
 , , , ,ISVREPMQTGIK,  4.5,  3,   3446,    29.35,  1374.74, 1375.74502
 , , , ,TSIAIDTIINQKR, 24.4,  3,   8415,    51.97,  1472.84, 1473.84653
 , , , ,ILGADTSVDLEETGR,  8.4,  2,   9774,    57.63,  1575.79, 1576.79336
 , , , ,TGAIVDVPVGEELLGR, 11.2,  2,  14440,    79.29,  1624.89, 1625.89333
 , , , ,TGAIVDVPVGEELLGR, 31.1,  2,  14284,    78.62,  1624.89, 1625.89539
 , , , ,TGAIVDVPVGEELLGR, 24.2,  2,  14356,    78.95,  1624.89, 1625.89553
 , , , ,VVDALGNAIDGKGPIGSK,  7.3,  3,   8126,    50.70,  1710.94, 1712.94812
 , , , ,VVDALGNAIDGKGPIGSKTR, 24.5,  4,   6662,    43.91,  1968.09, 1969.09133
K2C73_MOUSE, Keratin  type II cytoskeletal 73 OS=Mus musculus GN=Krt73 PE=1 SV=1,   89.9,      539,VRLDSELRGMR,  9.9,  3,   5042,    36.50,  1347.72, 1347.72073
K2C74_MOUSE, Keratin  type II cytoskeletal 74 OS=Mus musculus GN=Krt74 PE=3 SV=1,   89.9,      495,AEAEMLYQTKIQELQLAAGCYGDSLK,  3.0,  3,   7678,    48.56,  3014.45, 3016.43530
RL40_MOUSE, Ubiquitin-60S ribosomal protein L40 OS=Mus musculus GN=Uba52 PE=1 SV=2,   89.8,      128,MQIFVKTLTGK, 44.2,  2,   5742,    39.51,  1281.72, 1282.72842
 , , , ,MQIFVKTLTGK, 10.2,  2,   5656,    39.17,  1281.72, 1282.72891
 , , , ,LIFAGKQLEDGR, 27.6,  3,   6542,    43.37,  1346.74, 1346.74174
 , , , ,LIFAGKQLEDGR,  5.5,  3,   6462,    43.03,  1346.74, 1348.75198
 , , , ,IQDKEGIPPDQQR, 32.7,  3,   2472,    24.59,  1523.78, 1524.78596
 , , , ,IQDKEGIPPDQQR, 16.9,  3,   2695,    25.61,  1523.78, 1524.78646
 , , , ,IQDKEGIPPDQQR, 24.0,  3,   1979,    22.22,  1523.78, 1524.78655
 , , , ,IQDKEGIPPDQQR, 26.2,  3,   2042,    22.56,  1523.78, 1524.78670
 , , , ,IQDKEGIPPDQQR, 27.4,  3,   2545,    24.93,  1523.78, 1524.78683
 , , , ,IQDKEGIPPDQQR, 29.5,  3,   2395,    24.25,  1523.78, 1524.78685
 , , , ,IQDKEGIPPDQQR, 17.4,  3,   2776,    25.96,  1523.78, 1524.78701
 , , , ,IQDKEGIPPDQQR,  8.3,  3,   2906,    26.64,  1523.78, 1524.78786
 , , , ,IQDKEGIPPDQQR, 12.7,  3,   2617,    25.27,  1523.78, 1524.78793
 , , , ,IQDKEGIPPDQQR, 10.8,  3,   2105,    22.90,  1523.78, 1524.78995
 , , , ,IQDKEGIPPDQQR, 17.6,  3,   2168,    23.24,  1523.78, 1525.79199
 , , , ,IQDKEGIPPDQQR, 18.9,  3,   2312,    23.92,  1523.78, 1525.79226
 , , , ,AKIQDKEGIPPDQQR,  0.5,  3,   2806,    26.11,  1722.91, 1723.91485
 , , , ,TITLEVEPSDTIENVK,  8.4,  2,  11361,    65.24,  1787.93, 1788.92955
LPPRC_MOUSE, Leucine-rich PPR motif-containing protein  mitochondrial OS=Mus musculus GN=Lrpprc PE=1 SV=2,   87.8,     1392,LLAEILK, 44.3,  2,   8728,    53.24,   799.53,  799.52844
 , , , ,IIETPGIR, 30.9,  2,   4977,    36.26,   898.54,  898.53567
 , , , ,KIIETPGIR, 31.8,  2,   3763,    31.02,  1026.63, 1026.63170
 , , , ,MQEENIIPR, 14.3,  2,   4586,    34.68,  1145.56, 1146.56692
 , , , ,MVAGLDTIGLSK, 34.2,  2,   9045,    54.47,  1220.66, 1221.66055
 , , , ,MVAGLDTIGLSK, 27.1,  2,   8957,    54.13,  1220.66, 1221.66153
 , , , ,TGRITKGLLQR, 23.5,  3,   2478,    24.62,  1242.76, 1242.76443
 , , , ,DLQEEPAPVRK, 20.3,  2,   2636,    25.35,  1281.68, 1282.68539
 , , , ,DLQEEPAPVRK,  7.6,  2,   2561,    25.00,  1281.68, 1282.68838
 , , , ,VLVDREKVDSQK, 10.5,  3,   1697,    20.58,  1415.79, 1416.78863
 , , , ,VIEEQMEPALEK,  8.5,  2,   4706,    35.24,  1431.70, 1432.71159
 , , , ,MVFINNIALAQMK,  6.0,  2,  10158,    59.35,  1524.79, 1525.79775
 , , , ,AGDMENAENILTVMK, 37.0,  2,   7828,    49.27,  1667.76, 1668.76638
K22O_MOUSE, Keratin  type II cytoskeletal 2 oral OS=Mus musculus GN=Krt76 PE=1 SV=1,   86.0,      594,AQYEDIAQK, 32.9,  2,   3120,    27.69,  1065.52, 1065.52100
 , , , ,AQYEDIAQK, 39.9,  2,   3050,    27.35,  1065.52, 1065.52198
 , , , ,AQYEDIAQK, 43.2,  2,   2980,    27.01,  1065.52, 1065.52251
 , , , ,SMQDLVEDFKKK,  0.8,  3,   8348,    51.68,  1567.77, 1567.78943
ALDH2_MOUSE, Aldehyde dehydrogenase  mitochondrial OS=Mus musculus GN=Aldh2 PE=1 SV=1,   79.3,      519,TIEEVVGR, 35.7,  2,   4143,    32.76,   902.49,  902.49389
 , , , ,VVGNPFDSR, 35.2,  2,   5931,    40.27,   990.50,  990.49978
 , , , ,VVGNPFDSR, 43.5,  2,   6007,    40.61,   990.50,  990.50080
 , , , ,FKTIEEVVGR, 22.6,  3,   6535,    43.34,  1177.66, 1178.66138
 , , , ,ELGEYGLQAYTEVK,  2.0,  2,  11299,    64.97,  1599.79, 1600.79654
ENPL_MOUSE, Endoplasmin OS=Mus musculus GN=Hsp90b1 PE=1 SV=2,   76.2,      802,TFEINPR, 21.1,  2,   4678,    35.10,   876.46,  876.45767
 , , , ,SGTSEFLNK, 40.1,  2,   3570,    30.00,   982.48,  982.48393
 , , , ,SGTSEFLNK, 47.0,  2,   3506,    29.65,   982.48,  982.48483
 , , , ,SGYLLPDTK, 28.3,  2,   6213,    41.68,   993.53,  993.52374
 , , , ,SGYLLPDTK, 25.5,  2,   6140,    41.32,   993.53,  993.52554
 , , , ,EAESSPFVER, 30.9,  2,   4269,    33.34,  1150.54, 1151.54256
 , , , ,GVVDSDDLPLNVSR, 18.0,  2,  10568,    61.23,  1485.75, 1486.75857
 , , , ,GVVDSDDLPLNVSR, 16.1,  2,  10501,    60.89,  1485.75, 1486.76028
 , , , ,SGYLLPDTKAYGDRIER,  1.4,  4,   7825,    49.26,  1954.00, 1955.00815
ITIH4_MOUSE, Inter alpha-trypsin inhibitor  heavy chain 4 OS=Mus musculus GN=Itih4 PE=1 SV=2,   75.6,      942,VQGVDYLATR, 21.7,  2,   6512,    43.25,  1121.59, 1121.59633
 , , , ,FKPTLSQQQK,  9.9,  2,   2069,    22.70,  1204.67, 1205.67349
 , , , ,LQDQGPDVLLAK, 35.3,  2,   8050,    50.33,  1296.72, 1297.72158
 , , , ,LQDQGPDVLLAK, 17.4,  2,   7977,    49.99,  1296.72, 1297.72221
 , , , ,TVKVQGVDYLATR, 46.9,  3,   6469,    43.06,  1449.81, 1450.81140
 , , , ,TVKVQGVDYLATR, 34.4,  3,   6400,    42.72,  1449.81, 1450.81337
 , , , ,SQSEQDTVLNGDFIVR, 23.0,  2,  11653,    66.50,  1807.88, 1807.88505
CERU_MOUSE, Ceruloplasmin OS=Mus musculus GN=Cp PE=1 SV=2,   73.5,     1061,VFFEQGATR, 19.1,  2,   5618,    38.99,  1054.53, 1055.53740
 , , , ,VFFEQGATR, 23.9,  2,   5541,    38.65,  1054.53, 1055.53858
 , , , ,TYTWQIPER, 37.6,  2,   9042,    54.46,  1193.59, 1193.59575
 , , , ,TYTWQIPER, 56.0,  2,   8946,    54.10,  1193.59, 1193.59587
 , , , ,TYTWQIPER, 14.5,  2,   9035,    54.44,  1193.59, 1194.60191
 , , , ,TYTWQIPER, 15.3,  2,   8927,    54.03,  1193.59, 1194.60296
OPLA_MOUSE, 5-oxoprolinase OS=Mus musculus GN=Oplah PE=1 SV=1,   73.2,     1288,GLNLLIR, 39.5,  2,   8997,    54.29,   798.52,  798.51916
 , , , ,GLNLLIR, 39.7,  2,   9083,    54.64,   798.52,  798.51935
 , , , ,GKLEGLLTR, 19.9,  2,   4972,    36.24,   986.60,  986.60030
 , , , ,SGLQLEETSK, 26.6,  2,   3755,    30.97,  1091.56, 1091.55916
 , , , ,SGLQLEETSK, 18.3,  2,   3689,    30.63,  1091.56, 1092.56204
 , , , ,SVVVDDVRVR, 33.9,  3,   4397,    33.82,  1143.65, 1143.64736
 , , , ,SVVVDDVRVR, 17.5,  2,   4403,    33.85,  1143.65, 1143.64839
 , , , ,SVVVDDVRVR, 19.3,  3,   4305,    33.48,  1143.65, 1144.64972
 , , , ,MGTTVATNALLER, 10.2,  2,   7072,    45.78,  1392.72, 1393.71804
 , , , ,MGTTVATNALLER,  5.0,  2,   6991,    45.43,  1392.72, 1393.72109
 , , , ,GRPLDTSHIASIR, 24.4,  3,   4121,    32.66,  1422.78, 1423.78430
 , , , ,ILEQERGVLLPR, 23.9,  3,   7856,    49.40,  1422.84, 1423.84704
 , , , ,GGPVTVTDANLVLGR,  2.9,  2,  10952,    63.21,  1468.81, 1469.82114
 , , , ,SDGGLAPMDAFSGSR,  0.1,  2,   6862,    44.89,  1483.65, 1484.65406
 , , , ,SVVVDDVRVRGTGR,  4.0,  3,   3435,    29.30,  1514.84, 1515.84543
 , , , ,GSILDPSPEAAVVGGNVLTSQR,  8.5,  3,  13906,    77.10,  2167.14, 2169.14789
 , , , ,LSRLEEQCVDALQAQGFSR, 31.3,  3,  10266,    59.80,  2207.09, 2209.09527
ATPB_MOUSE, ATP synthase subunit beta  mitochondrial OS=Mus musculus GN=Atp5b PE=1 SV=2,   71.1,      529,TIAMDGTEGLVR, 46.8,  2,   5784,    39.67,  1278.64, 1278.63454
 , , , ,TIAMDGTEGLVR,  6.9,  2,   5876,    40.04,  1278.64, 1279.64158
 , , , ,TIAMDGTEGLVRGQK, 15.0,  3,   4064,    32.38,  1591.81, 1592.81518
 , , , ,TIAMDGTEGLVRGQK, 35.1,  3,   4136,    32.73,  1591.81, 1592.81646
 , , , ,VALVYGQMNEPPGAR,  4.0,  2,  10159,    59.35,  1617.81, 1618.82131
 , , , ,VLDSGAPIKIPVGPETLGR,  1.5,  2,  11940,    67.53,  1919.10, 1919.08999
 , , , ,VLDSGAPIKIPVGPETLGR, 13.3,  3,  12043,    67.91,  1919.10, 1920.09955
 , , , ,VLDSGAPIKIPVGPETLGR, 28.5,  3,  11950,    67.56,  1919.10, 1920.10467
 , , , ,AIAELGIYPAVDPLDSTSR, 12.3,  2,  15734,    85.13,  1988.03, 1989.04271
 , , , ,IMNVIGEPIDERGPIKTK, 17.9,  3,   6691,    44.05,  2026.10, 2027.10290
 , , , ,IMNVIGEPIDERGPIKTK, 11.1,  3,   6619,    43.71,  2026.10, 2027.10524
 , , , ,IMNVIGEPIDERGPIKTK,  4.9,  4,   6611,    43.68,  2026.10, 2027.10556
 , , , ,IMNVIGEPIDERGPIKTK, 18.9,  4,   6685,    44.02,  2026.10, 2028.11008
NOMO1_MOUSE, Nodal modulator 1 OS=Mus musculus GN=Nomo1 PE=1 SV=1,   70.2,     1214,ITITGFR, 36.6,  2,   6985,    45.40,   807.47,  807.47158
 , , , ,ITITGFR, 36.4,  2,   6902,    45.06,   807.47,  807.47186
 , , , ,VDGVSDICTK,  8.8,  2,   3922,    31.76,  1093.52, 1093.53579
 , , , ,EQQLAEIETR, 25.3,  2,   4954,    36.16,  1216.62, 1217.62136
 , , , ,EQQLAEIETR, 42.8,  2,   5046,    36.51,  1216.62, 1217.62238
 , , , ,EQQLAEIETR, 19.1,  2,   5129,    36.85,  1216.62, 1217.62401
 , , , ,SGEKITVTPSSK, 24.1,  3,   1712,    20.66,  1233.67, 1234.67444
 , , , ,GQPLGPAGVQVSLR,  1.3,  2,   9078,    54.63,  1378.78, 1379.78588
 , , , ,VLSKGQPLGPAGVQVSLR, 17.5,  3,   8142,    50.78,  1806.06, 1807.06561
K1C13_MOUSE, Keratin  type I cytoskeletal 13 OS=Mus musculus GN=Krt13 PE=1 SV=2,   69.1,      437,LAADDFR, 40.8,  2,   4224,    33.13,   807.40,  807.39884
 , , , ,LAADDFR, 53.8,  2,   4302,    33.47,   807.40,  807.39924
HMCS2_MOUSE, Hydroxymethylglutaryl-CoA synthase  mitochondrial OS=Mus musculus GN=Hmgcs2 PE=1 SV=2,   66.0,      508,YTVGLGQTR, 14.6,  2,   4345,    33.62,   994.53,  994.52997
 , , , ,LVSSVSDLPK, 45.8,  2,   5999,    40.57,  1044.59, 1044.59405
 , , , ,LVSSVSDLPK,  8.9,  2,   5922,    40.23,  1044.59, 1045.59713
 , , , ,APLVLEQGLR, 17.0,  2,   8159,    50.86,  1095.65, 1096.65730
 , , , ,APLVLEQGLR, 32.6,  2,   8230,    51.20,  1095.65, 1096.65766
 , , , ,LVSSVSDLPKR, 30.7,  3,   3920,    31.75,  1200.69, 1201.69806
 , , , ,LEVGTETIIDKSK, 12.1,  3,   6232,    41.77,  1432.79, 1433.79495
 , , , ,LVSSVSDLPKRLDSR, 15.1,  3,   6341,    42.38,  1671.94, 1672.94428
DDB1_MOUSE, DNA damage-binding protein 1 OS=Mus musculus GN=Ddb1 PE=1 SV=2,   64.5,     1140,TVPLYESPR, 42.1,  2,   5165,    37.00,  1061.56, 1061.56428
 , , , ,TVPLYESPR, 38.1,  2,   5080,    36.65,  1061.56, 1061.56578
 , , , ,YLLGDMEGR, 13.6,  2,   5222,    37.27,  1069.50, 1070.50356
 , , , ,YLLGDMEGR,  6.9,  2,   5146,    36.92,  1069.50, 1070.50534
 , , , ,TYEVSLREK,  9.9,  2,   3221,    28.18,  1124.59, 1125.59963
 , , , ,HVKTYEVSLR, 21.5,  3,   2687,    25.57,  1231.68, 1232.68179
 , , , ,ALVSEWKEPQGK, 14.7,  3,   4784,    35.50,  1371.73, 1372.72534
 , , , ,KKVTLGTQPTVLR,  3.5,  3,   3261,    28.38,  1440.89, 1441.89371
 , , , ,TKGDFILVGDLMR, 11.3,  3,   9922,    58.34,  1480.78, 1481.78616
 , , , ,TKGDFILVGDLMR,  9.8,  3,   9844,    57.99,  1480.78, 1481.78699
 , , , ,VTLGTQPTVLRTFR,  7.7,  3,   8641,    52.92,  1588.92, 1589.92340
 , , , ,MQEVVANLQYDDGSGMKR, 28.9,  3,   5579,    38.80,  2072.94, 2073.94689
 , , , ,MQEVVANLQYDDGSGMKR, 10.1,  3,   5651,    39.15,  2072.94, 2074.94964
 , , , ,MQEVVANLQYDDGSGMKR, 10.5,  3,   5499,    38.46,  2072.94, 2074.95039
 , , , ,SDPGRETDDTLVLSFVGQTR, 16.1,  3,  13134,    73.52,  2193.08, 2194.08916
 , , , ,SDPGRETDDTLVLSFVGQTR,  8.8,  3,  13066,    73.17,  2193.08, 2195.08697
LEG9_MOUSE, Galectin-9 OS=Mus musculus GN=Lgals9 PE=1 SV=1,   63.3,      353,FNENAVVR, 63.3,  2,   3472,    29.49,   948.49,  948.48939
HNRPU_MOUSE, Heterogeneous nuclear ribonucleoprotein U OS=Mus musculus GN=Hnrnpu PE=1 SV=1,   60.9,      800,NGQDLGVAFK, 58.0,  2,   6130,    41.27,  1048.54, 1048.54243
 , , , ,GYFEYIEENKYSR, 18.1,  3,   9399,    55.95,  1697.78, 1697.78168
 , , , ,SSGPTSLFAVTVAPPGAR, 12.7,  2,  12825,    71.88,  1714.91, 1715.91785
 , , , ,SSGPTSLFAVTVAPPGAR, 26.2,  2,  12886,    72.22,  1714.91, 1715.92099
 , , , ,EAAGKSSGPTSLFAVTVAPPGAR,  8.1,  3,  10781,    62.40,  2171.15, 2173.15222
 , , , ,GAGKEAAGKSSGPTSLFAVTVAPPGAR,  4.0,  4,   8722,    53.23,  2484.32, 2486.32431
 , , , ,GAGKEAAGKSSGPTSLFAVTVAPPGAR,  6.6,  3,   8651,    52.96,  2484.32, 2486.33160
 , , , ,GAGKEAAGKSSGPTSLFAVTVAPPGAR, 10.2,  4,   8623,    52.85,  2484.32, 2486.33554
CMC2_MOUSE, Calcium-binding mitochondrial carrier protein Aralar2 OS=Mus musculus GN=Slc25a13 PE=1 SV=1,   59.5,      676,MTLADIER, 59.5,  2,   4847,    35.72,   964.48,  964.47634
CP3AB_MOUSE, Cytochrome P450 3A11 OS=Mus musculus GN=Cyp3a11 PE=1 SV=1,   59.4,      504,DFGPVGIMSK, 32.9,  2,   7495,    47.75,  1066.52, 1066.52449
 , , , ,DFGPVGIMSK, 43.5,  2,   7576,    48.10,  1066.52, 1066.52534
 , , , ,LYPIANRLER,  6.6,  3,   5799,    39.72,  1244.71, 1244.70931
HBA_MOUSE, Hemoglobin subunit alpha OS=Mus musculus GN=Hba PE=1 SV=2,   59.3,      142,MFASFPTTK, 38.4,  2,   6146,    41.35,  1045.50, 1045.50220
 , , , ,MFASFPTTK, 48.9,  2,   6215,    41.69,  1045.50, 1045.50222
 , , , ,VLSGEDKSNIKAAWGK,  9.2,  3,   4241,    33.21,  1702.91, 1702.91300
EF2_MOUSE, Elongation factor 2 OS=Mus musculus GN=Eef2 PE=1 SV=2,   56.0,      858,VNFTVDQIR, 58.5,  2,   8005,    50.13,  1091.58, 1091.58522
 , , , ,VNFTVDQIR,  8.3,  2,   7935,    49.79,  1091.58, 1092.58755
 , , , ,VAVEAKNPADLPK, 26.1,  3,   3965,    31.97,  1351.76, 1352.76492
PYR1_MOUSE, CAD protein OS=Mus musculus GN=Cad PE=1 SV=1,   55.7,     2225,CEAYLKAMLSTGFKIPEK,  1.6,  3,  12864,    72.10,  2212.10, 2212.10516
EMC1_MOUSE, ER membrane protein complex subunit 1 OS=Mus musculus GN=Emc1 PE=1 SV=1,   54.6,      997,TGEILWR, 54.6,  2,   7003,    45.48,   874.48,  874.47822
 , , , ,SQIKNEINIDTLAR,  9.6,  3,   7685,    48.59,  1614.88, 1615.88556
ESYT1_MOUSE, Extended synaptotagmin-1 OS=Mus musculus GN=Esyt1 PE=1 SV=2,   53.7,     1092,VGTQTFCSR, 53.7,  2,   2646,    25.39,  1055.49, 1055.49498
 , , , ,VGTQTFCSR,  2.2,  2,   2723,    25.73,  1055.49, 1056.49893
 , , , ,LLAETVAPAVR, 21.4,  2,   7166,    46.22,  1139.68, 1140.68459
 , , , ,ALTLGALTLPLAR, 12.5,  2,  16082,    86.69,  1309.82, 1310.82546
 , , , ,GLIEGKSDPYALVR,  3.6,  3,   8319,    51.56,  1517.83, 1518.83243
ECHA_MOUSE, Trifunctional enzyme subunit alpha  mitochondrial OS=Mus musculus GN=Hadha PE=1 SV=1,   53.2,      763,ILQEGVDPK, 24.5,  2,   3273,    28.45,   998.55,  998.55187
 , , , ,ILQEGVDPK, 53.8,  2,   3339,    28.79,   998.55,  998.55208
 , , , ,KNKFGAPQK,  5.1,  2,  14615,    80.03,  1017.58, 1018.60141
 , , , ,TLLKDTTVTGLGR, 12.4,  3,   6649,    43.85,  1374.80, 1375.79877
 , , , ,MVGVPAAFDMMLTGR, 13.1,  2,  10928,    63.11,  1643.76, 1644.76504
 , , , ,MVGVPAAFDMMLTGR, 10.7,  2,  11007,    63.45,  1643.76, 1645.76736
TAOK3_MOUSE, Serine/threonine-protein kinase TAO3 OS=Mus musculus GN=Taok3 PE=1 SV=2,   52.4,      898,ILFQETR, 52.4,  2,   5449,    38.25,   906.50,  906.50433
 , , , ,AGNILLTEPGQVK, 12.2,  2,   7872,    49.49,  1339.76, 1340.75894
EIF3C_MOUSE, Eukaryotic translation initiation factor 3 subunit C OS=Mus musculus GN=Eif3c PE=1 SV=1,   52.0,      911,LGSLVENNER, 20.1,  2,   3493,    29.59,  1130.58, 1130.57748
 , , , ,LGSLVENNER, 35.2,  2,   3559,    29.94,  1130.58, 1130.57839
 , , , ,AKELLGQGLLLR, 14.4,  2,   9355,    55.76,  1310.82, 1311.82021
 , , , ,AKELLGQGLLLR, 43.3,  3,   9306,    55.56,  1310.82, 1311.82062
EF1A2_MOUSE, Elongation factor 1-alpha 2 OS=Mus musculus GN=Eef1a2 PE=1 SV=1,   49.7,      463,IGGIGTVPVGR, 49.7,  2,   6640,    43.81,  1025.61, 1025.61078
 , , , ,IGGIGTVPVGR, 21.9,  2,   6565,    43.47,  1025.61, 1026.61522
 , , , ,NVEKKSGGAGK,  4.7,  2,   3183,    27.99,  1200.62, 1200.60708
 , , , ,FAVRDMRQTVAVGVIK,  3.3,  4,   5880,    40.05,  1806.01, 1807.00669
SART3_MOUSE, Squamous cell carcinoma antigen recognized by T-cells 3 OS=Mus musculus GN=Sart3 PE=1 SV=1,   47.4,      962,TQLSLLPR, 34.3,  2,   7777,    49.03,   927.56,  927.56167
 , , , ,TQLSLLPR, 34.1,  2,   7849,    49.37,   927.56,  927.56210
 , , , ,TAPGAPMLPR, 18.9,  2,   4562,    34.56,  1026.54, 1026.54059
 , , , ,LLRLEGELSR, 18.0,  3,   6367,    42.53,  1185.69, 1186.69837
RRBP1_MOUSE, Ribosome-binding protein 1 OS=Mus musculus GN=Rrbp1 PE=1 SV=2,   45.2,     1605,EQEIAAVQAR, 28.0,  2,   3241,    28.28,  1114.59, 1115.58989
 , , , ,EQEIAAVQAR, 27.6,  2,   3307,    28.62,  1114.59, 1115.59008
 , , , ,AENSQLTERIR, 15.3,  3,   2814,    26.15,  1316.69, 1317.69783
 , , , ,TLQEQLENGPNTQLAR, 35.7,  2,   8769,    53.38,  1811.92, 1812.92910
UBP10_MOUSE, Ubiquitin carboxyl-terminal hydrolase 10 OS=Mus musculus GN=Usp10 PE=1 SV=3,   44.5,      792,TVQDALESLVAR, 26.2,  2,  13741,    76.41,  1301.71, 1302.71211
 , , , ,NIDYPVDLEISR, 43.3,  2,  12210,    68.70,  1433.73, 1433.72688
 , , , ,LMNEFTNMPVPPKPR,  3.4,  3,   5832,    39.85,  1802.89, 1803.89642
 , , , ,LMNEFTNMPVPPKPR,  2.7,  3,   5576,    38.79,  1802.89, 1803.89642
DPYD_MOUSE, Dihydropyrimidine dehydrogenase [NADP(+)] OS=Mus musculus GN=Dpyd PE=1 SV=1,   43.1,     1025,DAPDIESILALNPR, 43.1,  2,  17052,    91.06,  1523.81, 1524.81216
ANFY1_MOUSE, Rabankyrin-5 OS=Mus musculus GN=Ankfy1 PE=1 SV=2,   43.0,     1169,NLLLAGAK, 35.4,  2,   5158,    36.97,   799.50,  799.50305
 , , , ,AAEAILKR, 33.6,  2,   1761,    20.96,   871.54,  872.54110
 , , , ,AVDENNESTACFLIR,  0.8,  2,   9877,    58.12,  1738.81, 1740.81545
ODO1_MOUSE, 2-oxoglutarate dehydrogenase  mitochondrial OS=Mus musculus GN=Ogdh PE=1 SV=3,   42.4,     1023,SSPYPTDVAR, 42.4,  2,   3775,    31.08,  1092.53, 1092.53242
 , , , ,SSPYPTDVAR, 20.8,  2,   3843,    31.42,  1092.53, 1093.53617
 , , , ,NMEEEVAITR, 15.0,  2,   3640,    30.38,  1207.56, 1208.56901
SBP2_MOUSE, Selenium-binding protein 2 OS=Mus musculus GN=Selenbp2 PE=1 SV=2,   42.3,      472,IYVVDVGSEPR, 42.3,  2,   7832,    49.29,  1233.65, 1233.65289
 , , , ,IYVVDVGSEPR, 12.5,  2,   7761,    48.95,  1233.65, 1234.63313
 , , , ,NTGTEAPDYLATVDVDPK, 10.6,  2,  11097,    63.85,  1905.91, 1907.91116
UDB17_MOUSE, UDP-glucuronosyltransferase 2B17 OS=Mus musculus GN=Ugt2b17 PE=1 SV=1,   41.5,      530,GAAVALNIR, 41.5,  2,   5370,    37.90,   884.53,  884.53130
CES1D_MOUSE, Carboxylesterase 1D OS=Mus musculus GN=Ces1d PE=1 SV=1,   41.1,      565,TANSLLWK, 27.9,  2,   6571,    43.49,   932.52,  932.51980
 , , , ,APEEILAEK, 37.4,  2,   4443,    34.02,   999.54, 1000.54093
 , , , ,YLGGTDDLTK, 24.5,  2,   5253,    37.41,  1082.54, 1082.53759
 , , , ,YLGGTDDLTK, 15.5,  2,   5178,    37.06,  1082.54, 1083.54189
 , , , ,ISENMIPVVAEK, 13.6,  2,   6854,    44.85,  1345.70, 1346.70730
 , , , ,ISENMIPVVAEK, 17.4,  2,   7209,    46.38,  1345.70, 1346.70901
 , , , ,ISENMIPVVAEK,  4.9,  2,   6933,    45.19,  1345.70, 1346.70925
GANAB_MOUSE, Neutral alpha-glucosidase AB OS=Mus musculus GN=Ganab PE=1 SV=1,   40.8,      944,SLLLSVNAR, 35.0,  2,   7615,    48.27,   972.58,  972.58383
 , , , ,SGGIERPFVLSR, 22.2,  3,   6595,    43.60,  1317.73, 1318.73239
 , , , ,SGGIERPFVLSR,  7.6,  3,   6513,    43.25,  1317.73, 1318.73295
 , , , ,YRVPDVLVADPPTAR, 30.9,  3,   9589,    56.76,  1668.91, 1669.91138
 , , , ,YRVPDVLVADPPTAR, 15.1,  3,   9664,    57.10,  1668.91, 1669.91166
K2C79_MOUSE, Keratin  type II cytoskeletal 79 OS=Mus musculus GN=Krt79 PE=1 SV=2,   40.5,      531,YEELQVTAGK, 28.9,  2,   6621,    43.72,  1179.59, 1179.60062
 , , , ,YEELQVTAGK, 40.5,  2,   6693,    44.06,  1179.59, 1179.60144
